IM/JO/10,JO,10,T/JO/78,False,,,Tolbooth,Haddington,False,,jhm,2001-06-07 16:20:29,LEM,2002-10-28 12:45:55
IM/JO/11,JO,11,T/JO/79,False,,,Tolbooth,Haddington,False,,jhm,2001-06-08 09:24:01,LEM,2002-10-28 12:46:18
IM/JO/12,JO,12,T/JO/80,False,,,Tolbooth,Haddington,False,,jhm,2001-06-08 09:41:37,LEM,2002-10-28 12:46:29
IM/JO/127,JO,127,T/JO/416,True,,,Tolbooth,Canongate,False,Released,jhm,2001-07-16 12:22:16,jhm,2001-07-16 12:22:42
IM/JO/128,JO,128,T/JO/417,False,,,Tolbooth,Stirling,False,,jhm,2001-07-16 12:44:06,LEM,2002-10-28 12:58:03
IM/JO/129,JO,129,T/JO/420,False,3/1659,1659-02-06 00:00:00,Tolbooth,Stirling,False,,jhm,2001-07-16 14:53:27,jhm,2001-07-16 14:53:43
IM/JO/13,JO,13,T/JO/81,False,1630,1630-05-02 00:00:00,Tolbooth,Haddington,False,,jhm,2001-06-08 09:59:16,jhm,2001-06-08 09:59:30
IM/JO/130,JO,130,T/JO/422,False,3/1659,1659-02-06 00:00:00,Tolbooth,Stirling,False,,jhm,2001-07-16 15:12:37,jhm,2001-07-16 15:12:53
IM/JO/131,JO,131,T/JO/433,False,,,,Dalkeith,False,,jhm,2001-07-17 15:52:15,jhm,2002-10-18 10:32:40
IM/JO/14,JO,14,T/JO/82,False,,,Tolbooth,Haddington,False,Released,jhm,2001-06-08 14:24:19,LEM,2002-10-28 12:46:45
IM/JO/141,JO,141,T/LA/234,False,9/8/1615,1615-07-06 00:00:00,Tolbooth,Linlithgow,False,,jhm,2001-07-23 13:08:25,jhm,2001-07-23 13:16:52
IM/JO/142,JO,142,T/JO/511,False,,,,,False,,jhm,2001-07-23 13:32:32,jhm,2002-10-11 16:52:05
IM/JO/143,JO,143,T/LA/240,False,26/3/1617,1617-02-21 00:00:00,,,False,,jhm,2001-07-23 15:05:52,jhm,2001-07-23 15:06:25
IM/JO/144,JO,144,T/LA/239,False,3/1617,1617-01-27 00:00:00,,,False,,jhm,2001-07-23 15:10:13,jhm,2001-07-23 15:10:20
IM/JO/145,JO,145,T/LA/238,False,3/1617,1617-01-27 00:00:00,,,False,,jhm,2001-07-23 15:11:16,jhm,2001-07-23 15:11:20
IM/JO/146,JO,146,T/JO/513,False,,,,,False,,jhm,2001-07-24 10:24:22,jhm,2002-10-11 16:52:45
IM/JO/147,JO,147,T/JO/515,False,12/1643,1643-11-04 00:00:00,Tolbooth,Queensferry,False,,jhm,2001-07-24 12:28:57,jhm,2001-07-24 12:36:55
IM/JO/148,JO,148,T/JO/517,False,12/1643,1643-11-04 00:00:00,Tolbooth,Queensferry,False,,jhm,2001-07-24 12:57:40,jhm,2001-07-24 12:57:51
IM/JO/149,JO,149,T/JO/518,False,12/1643,1643-11-04 00:00:00,Tolbooth,Queensferry,False,,jhm,2001-07-24 13:03:20,jhm,2001-07-24 13:03:31
IM/JO/15,JO,15,T/JO/86,False,1/4/1630,1630-03-02 00:00:00,Tolbooth,Haddington,False,,jhm,2001-06-12 09:44:21,jhm,2001-06-12 09:44:44
IM/JO/150,JO,150,T/JO/519,False,12/1643,1643-11-04 00:00:00,Tolbooth,Queensferry,False,,jhm,2001-07-24 13:08:29,jhm,2001-07-24 13:08:41
IM/JO/151,JO,151,T/JO/520,False,12/1643,1643-11-04 00:00:00,Tolbooth,Queensferry,False,,jhm,2001-07-24 13:12:57,jhm,2001-07-24 13:13:11
IM/JO/152,JO,152,T/JO/521,False,12/1643,1643-11-04 00:00:00,Tolbooth,Queensferry,False,,jhm,2001-07-24 13:16:13,jhm,2001-07-24 13:16:21
IM/JO/153,JO,153,T/JO/522,False,12/1643,1643-11-04 00:00:00,Tolbooth,Queensferry,False,,jhm,2001-07-24 13:21:13,jhm,2001-07-24 13:21:22
IM/JO/154,JO,154,T/JO/523,False,3/1644,1644-02-03 00:00:00,Tolbooth,Queensferry,False,,jhm,2001-07-24 14:34:40,jhm,2001-07-24 14:34:53
IM/JO/155,JO,155,T/JO/529,False,,,,Falkirk,False,,jhm,2001-07-24 15:31:02,jhm,2002-10-11 16:53:10
IM/JO/156,JO,156,T/JO/539,False,1/4/1644,1644-03-05 00:00:00,Tolbooth,Queensferry,False,Released,jhm,2001-07-26 15:06:30,jhm,2001-07-26 15:23:45
IM/JO/157,JO,157,T/JO/573,False,,,,Peebles,False,,jhm,2001-07-30 11:38:56,jhm,2002-10-11 16:53:29
IM/JO/158,JO,158,T/JO/574,False,17/5/1649,1649-04-22 00:00:00,,Peebles,False,,jhm,2001-07-31 12:07:08,jhm,2001-07-31 12:07:28
IM/JO/159,JO,159,T/JO/575,False,6/1649,1649-05-07 00:00:00,,Peebles,False,,jhm,2001-07-31 12:40:35,jhm,2001-08-02 14:04:28
IM/JO/16,JO,16,T/JO/87,False,4/1630,1630-03-02 00:00:00,Tolbooth,Haddington,False,,jhm,2001-06-12 10:03:53,jhm,2001-06-12 10:04:08
IM/JO/160,JO,160,T/JO/577,False,10/1649,1649-09-06 00:00:00,,Peebles,False,,jhm,2001-07-31 14:42:48,jhm,2001-07-31 14:42:56
IM/JO/161,JO,161,T/JO/579,False,10/1649,1649-09-06 00:00:00,,Peebles,False,,jhm,2001-07-31 15:04:23,jhm,2001-07-31 15:04:33
IM/JO/162,JO,162,T/JO/580,False,10/1649,1649-09-06 00:00:00,,Peebles,False,,jhm,2001-07-31 15:18:09,jhm,2001-07-31 15:18:15
IM/JO/163,JO,163,T/JO/582,False,10/1649,1649-09-06 00:00:00,,Peebles,False,,jhm,2001-07-31 15:30:34,jhm,2001-07-31 15:30:41
IM/JO/164,JO,164,T/JO/584,False,10/1649,1649-09-06 00:00:00,,Peebles,False,,jhm,2001-07-31 15:49:28,jhm,2001-07-31 15:49:35
IM/JO/165,JO,165,T/JO/590,False,11/1649,1649-10-07 00:00:00,,Peebles,False,,jhm,2001-08-01 11:02:28,jhm,2001-08-01 11:02:51
IM/JO/166,JO,166,T/JO/591,False,,,,Peebles,False,,jhm,2001-08-01 11:11:43,jhm,2002-10-11 16:53:34
IM/JO/167,JO,167,T/JO/592,False,6/1704,1704-05-19 00:00:00,,Pittenweem,False,Released,jhm,2001-08-02 15:44:11,jhm,2002-08-02 15:38:10
IM/JO/168,JO,168,T/JO/595,False,14/5/1688,1688-04-28 00:00:00,Tolbooth,Dunbar,False,,jhm,2001-08-15 12:44:35,jhm,2001-08-16 09:19:30
IM/JO/169,JO,169,T/JO/597,False,3/1682,1682-02-12 00:00:00,Tolbooth,Ayr,False,Moved,jhm,2001-08-16 11:20:22,jhm,2001-08-16 11:21:00
IM/JO/17,JO,17,T/JO/88,False,4/1630,1630-03-02 00:00:00,Tolbooth,Haddington,False,,jhm,2001-06-12 10:19:35,jhm,2001-06-12 10:19:50
IM/JO/170,JO,170,T/JO/598,False,9/7/1678,1678-06-21 00:00:00,Tolbooth,Prestonpans,False,Released,jhm,2001-08-16 11:47:23,jhm,2001-08-16 11:49:49
IM/JO/171,JO,171,T/JO/599,False,10/1678,1678-09-13 00:00:00,,Loanhead of Lasswade,False,,jhm,2001-08-16 12:03:40,jhm,2001-08-16 12:27:36
IM/JO/172,JO,172,T/JO/600,False,10/1678,1678-09-13 00:00:00,,Loanhead of Lasswade,False,,jhm,2001-08-16 12:15:53,jhm,2001-08-16 12:16:37
IM/JO/173,JO,173,T/JO/601,False,10/1678,1678-09-13 00:00:00,,Loanhead of Lasswade,False,,jhm,2001-08-16 12:19:52,jhm,2001-08-16 12:20:06
IM/JO/174,JO,174,T/JO/602,False,10/1678,1678-09-13 00:00:00,,Loanhead of Lasswade,False,,jhm,2001-08-16 12:24:18,jhm,2001-08-16 12:24:30
IM/JO/175,JO,175,T/JO/603,False,11/1679,1679-10-14 00:00:00,Tolbooth,Bo'ness,False,,jhm,2001-08-16 13:55:57,jhm,2001-08-16 13:56:23
IM/JO/176,JO,176,T/JO/604,False,11/1679,1679-10-14 00:00:00,Tolbooth,Bo'ness,False,,jhm,2001-08-16 14:12:20,jhm,2001-08-16 14:12:29
IM/JO/177,JO,177,T/JO/605,False,11/1679,1679-10-14 00:00:00,Tolbooth,Bo'ness,False,,jhm,2001-08-16 14:16:58,jhm,2001-08-16 14:17:09
IM/JO/178,JO,178,T/JO/606,False,11/1679,1679-10-14 00:00:00,Tolbooth,Bo'ness,False,,jhm,2001-08-16 14:22:07,jhm,2001-08-16 14:22:16
IM/JO/179,JO,179,T/JO/607,False,11/1679,1679-10-14 00:00:00,Tolbooth,Bo'ness,False,,jhm,2001-08-16 14:27:19,jhm,2001-08-16 14:27:29
IM/JO/18,JO,18,T/JO/91,False,,,Castle,Dirleton,False,,jhm,2001-06-13 10:26:04,LEM,2002-10-28 12:54:48
IM/JO/180,JO,180,T/JO/608,False,11/1679,1679-10-14 00:00:00,Tolbooth,Bo'ness,False,,jhm,2001-08-16 14:31:32,jhm,2001-08-16 14:31:40
IM/JO/181,JO,181,T/JO/613,False,3/1679,1679-02-11 00:00:00,Tolbooth,Canongate,False,Released,jhm,2001-08-16 16:01:35,jhm,2001-08-16 16:01:51
IM/JO/182,JO,182,T/JO/615,False,1/1677,1676-12-13 00:00:00,Tolbooth,Paisley,False,Moved,jhm,2001-08-17 09:31:14,jhm,2001-08-17 10:19:07
IM/JO/183,JO,183,T/JO/616,False,1/1677,1676-12-13 00:00:00,Tolbooth,Paisley,False,,jhm,2001-08-17 09:41:39,LEM,2002-01-16 10:58:29
IM/JO/184,JO,184,T/JO/614,False,1/1677,1676-12-13 00:00:00,,,False,,jhm,2001-08-17 09:44:27,jhm,2001-08-17 09:57:44
IM/JO/185,JO,185,T/JO/617,False,1/1677,1676-12-13 00:00:00,Tolbooth,Paisley,False,,jhm,2001-08-17 09:52:07,LEM,2002-01-16 12:09:26
IM/JO/186,JO,186,T/JO/618,False,1/1677,1676-12-13 00:00:00,Tolbooth,Paisley,False,,jhm,2001-08-17 10:00:34,LEM,2002-01-16 12:26:30
IM/JO/187,JO,187,T/JO/619,False,2/1677,1677-01-14 00:00:00,,,False,,jhm,2001-08-17 10:11:48,jhm,2001-08-17 10:11:52
IM/JO/188,JO,188,T/JO/615,False,4/1677,1677-03-14 00:00:00,Tolbooth,Glasgow,False,,jhm,2001-08-17 10:18:39,jhm,2001-08-17 10:18:57
IM/JO/189,JO,189,T/JO/620,False,,,Tolbooth,Haddington,False,,jhm,2001-08-17 10:33:55,jhm,2002-10-11 16:54:07
IM/JO/19,JO,19,T/JO/92,False,6/1649,1649-05-07 00:00:00,,Dirleton,False,,jhm,2001-06-13 10:48:49,jhm,2002-10-11 16:41:10
IM/JO/190,JO,190,T/JO/621,False,6/1677,1677-05-14 00:00:00,Tolbooth,Dumbarton,False,,jhm,2001-08-17 11:32:07,jhm,2001-08-17 11:32:21
IM/JO/191,JO,191,T/JO/622,False,6/1677,1677-05-14 00:00:00,Tolbooth,Dumbarton,False,,jhm,2001-08-17 11:36:56,jhm,2001-08-17 11:37:07
IM/JO/192,JO,192,T/JO/623,False,6/1677,1677-05-14 00:00:00,Tolbooth,Dumbarton,False,,jhm,2001-08-17 11:40:15,jhm,2001-08-17 11:40:26
IM/JO/193,JO,193,T/JO/624,False,6/1677,1677-05-14 00:00:00,Tolbooth,Dumbarton,False,,jhm,2001-08-17 11:43:32,jhm,2001-08-17 11:43:44
IM/JO/194,JO,194,T/JO/625,False,6/1677,1677-05-14 00:00:00,Tolbooth,Dumbarton,False,,jhm,2001-08-17 11:46:24,jhm,2001-08-17 11:46:33
IM/JO/195,JO,195,T/JO/626,False,4/1677,1677-03-14 00:00:00,Tolbooth,Stirling,False,,jhm,2001-08-17 12:02:05,jhm,2001-08-17 12:02:17
IM/JO/196,JO,196,T/JO/627,False,4/1677,1677-03-14 00:00:00,Tolbooth,Stirling,False,,jhm,2001-08-17 12:27:40,jhm,2001-08-17 12:27:49
IM/JO/197,JO,197,T/JO/628,False,4/1677,1677-03-14 00:00:00,Tolbooth,Stirling,False,,jhm,2001-08-17 12:36:48,jhm,2001-08-17 12:37:01
IM/JO/198,JO,198,T/JO/629,False,4/1677,1677-03-14 00:00:00,Tolbooth,Stirling,False,,jhm,2001-08-17 12:43:54,jhm,2001-08-17 12:44:05
IM/JO/199,JO,199,T/JO/630,False,5/1677,1677-04-13 00:00:00,Tolbooth,Haddington,False,,jhm,2001-08-17 12:54:15,jhm,2001-08-17 12:54:32
IM/JO/20,JO,20,T/JO/93,False,,,,Dirleton,False,,jhm,2001-06-13 12:01:16,LEM,2002-10-28 12:54:28
IM/JO/200,JO,200,T/JO/631,False,5/1678,1678-04-13 00:00:00,Tolbooth,Prestonpans,False,,jhm,2001-08-17 13:13:49,jhm,2001-08-17 13:14:08
IM/JO/201,JO,201,T/JO/632,False,5/1678,1678-04-13 00:00:00,Tolbooth,Prestonpans,False,,jhm,2001-08-17 13:21:03,jhm,2001-08-17 13:21:12
IM/JO/202,JO,202,T/JO/633,False,1/1673,1672-12-12 00:00:00,Tolbooth,Scalloway,False,,jhm,2001-08-17 15:00:59,jhm,2001-08-17 15:01:13
IM/JO/203,JO,203,T/JO/634,False,1/1673,1672-12-12 00:00:00,Tolbooth,Scalloway,False,,jhm,2001-08-17 15:06:04,jhm,2001-08-17 15:06:13
IM/JO/204,JO,204,T/JO/637,False,1/1673,1672-12-12 00:00:00,Tolbooth,Scalloway,False,,jhm,2001-08-29 09:41:21,jhm,2001-08-29 09:41:35
IM/JO/205,JO,205,T/JO/638,False,1/1673,1672-12-12 00:00:00,Tolbooth,Scalloway,False,,jhm,2001-08-29 10:00:48,jhm,2001-08-29 10:00:58
IM/JO/206,JO,206,T/JO/640,False,4/1669,1669-03-12 00:00:00,Tolbooth,Duns,False,,jhm,2001-08-29 15:02:32,jhm,2001-08-29 15:02:46
IM/JO/207,JO,207,T/JO/641,False,7/1669,1669-06-11 00:00:00,,Aberdeen,False,,jhm,2001-08-29 16:21:13,jhm,2001-08-29 16:21:23
IM/JO/208,JO,208,T/JO/642,False,7/1669,1669-06-11 00:00:00,,Aberdeen,False,,jhm,2001-08-29 16:26:19,jhm,2001-08-29 16:26:35
IM/JO/209,JO,209,T/JO/643,False,7/1669,1669-06-11 00:00:00,,Aberdeen,False,,jhm,2001-08-30 09:13:05,jhm,2001-08-30 09:13:15
IM/JO/21,JO,21,T/JO/94,False,9/6/1649,1649-05-15 00:00:00,,Haddington,False,,jhm,2001-06-13 12:33:31,jhm,2001-06-13 12:33:58
IM/JO/210,JO,210,T/JO/644,False,7/1669,1669-06-11 00:00:00,,Aberdeen,False,,jhm,2001-08-30 09:21:03,jhm,2001-08-30 09:21:17
IM/JO/211,JO,211,T/JO/645,False,9/1669,1669-08-12 00:00:00,Castle,Tioram,False,,jhm,2001-08-30 10:31:34,jhm,2001-08-30 10:31:49
IM/JO/212,JO,212,T/JO/646,False,8/1669,1669-07-12 00:00:00,Castle,Tioram,False,,jhm,2001-08-30 10:42:09,jhm,2001-08-30 10:42:19
IM/JO/213,JO,213,T/JO/647,False,,,Castle,Tioram,False,,jhm,2001-08-30 10:46:52,jhm,2002-10-11 16:54:13
IM/JO/214,JO,214,T/JO/648,False,11/1669,1669-10-12 00:00:00,Tolbooth,Dundee,False,,jhm,2001-08-30 10:50:52,jhm,2001-08-30 10:51:04
IM/JO/215,JO,215,T/JO/649,False,5/1670,1670-04-11 00:00:00,Tolbooth,Lanark,False,,jhm,2001-08-30 11:13:58,jhm,2001-08-30 11:21:05
IM/JO/216,JO,216,T/JO/769,False,1665,1665-05-11 00:00:00,Tolbooth,Stirling,False,Released,jhm,2001-08-31 13:06:36,jhm,2001-10-19 09:24:47
IM/JO/217,JO,217,T/JO/769,True,12/1664,1664-11-09 00:00:00,Tolbooth,Edinburgh,False,Moved,jhm,2001-08-31 13:07:00,jhm,2001-10-19 09:25:14
IM/JO/218,JO,218,T/JO/770,False,,,,Forfar,False,,jhm,2001-08-31 13:10:44,LEM,2002-10-28 12:59:55
IM/JO/219,JO,219,T/JO/772,False,5/1666,1666-04-10 00:00:00,Tolbooth,Anstruther Wester,False,,jhm,2001-08-31 14:35:59,jhm,2001-08-31 14:36:14
IM/JO/220,JO,220,T/JO/773,False,9/1666,1666-08-11 00:00:00,Tolbooth,Torryburn,False,,jhm,2001-08-31 15:06:45,jhm,2001-08-31 15:06:56
IM/JO/221,JO,221,T/JO/774,False,9/1666,1666-08-11 00:00:00,Tolbooth,Torryburn,False,,jhm,2001-08-31 15:16:09,jhm,2001-08-31 15:16:20
IM/JO/222,JO,222,T/JO/775,False,9/1666,1666-08-11 00:00:00,Tolbooth,Torryburn,False,,jhm,2001-08-31 15:19:41,jhm,2001-08-31 15:19:52
IM/JO/223,JO,223,T/JO/776,False,9/1666,1666-08-11 00:00:00,Tolbooth,Torryburn,False,,jhm,2001-08-31 15:22:57,jhm,2001-08-31 15:23:07
IM/JO/224,JO,224,T/JO/777,False,9/1666,1666-08-11 00:00:00,Tolbooth,Torryburn,False,,jhm,2001-08-31 15:25:57,jhm,2001-08-31 15:26:06
IM/JO/225,JO,225,T/JO/778,False,9/1666,1666-08-11 00:00:00,Tolbooth,Torryburn,False,,jhm,2001-08-31 15:35:33,jhm,2001-08-31 15:35:44
IM/JO/226,JO,226,T/JO/779,False,9/1666,1666-08-11 00:00:00,Tolbooth,Torryburn,False,,jhm,2001-08-31 15:38:25,jhm,2001-08-31 15:38:35
IM/JO/227,JO,227,T/JO/780,False,1/1667,1666-12-11 00:00:00,Tolbooth,St Andrews,False,,jhm,2001-08-31 15:45:06,jhm,2001-08-31 15:45:18
IM/JO/228,JO,228,T/JO/769,False,1664,1664-05-10 00:00:00,,Dunblane,False,Moved,jhm,2001-08-31 16:05:14,jhm,2001-08-31 16:05:41
IM/JO/229,JO,229,T/JO/782,False,,,,Jedburgh,False,,jhm,2001-09-03 11:03:26,jhm,2002-10-11 16:18:30
IM/JO/23,JO,23,T/JO/102,False,,,,Haddington,False,,jhm,2001-06-14 14:43:33,LEM,2002-10-28 12:53:58
IM/JO/230,JO,230,T/JO/783,False,,,,Jedburgh,False,,jhm,2001-09-03 11:09:48,jhm,2002-10-11 16:18:49
IM/JO/231,JO,231,T/JO/784,False,,,,Jedburgh,False,,jhm,2001-09-03 11:13:45,jhm,2002-10-11 16:18:55
IM/JO/232,JO,232,T/JO/788,False,,,,Tyninghame,False,,jhm,2001-09-04 14:52:11,jhm,2002-10-18 10:54:48
IM/JO/233,JO,233,T/JO/789,False,,,,Tyninghame,False,,jhm,2001-09-04 15:06:52,jhm,2002-10-18 11:02:37
IM/JO/235,JO,235,T/JO/812,False,,,,,False,,jhm,2001-09-10 13:25:42,LEM,2002-10-28 12:59:13
IM/JO/236,JO,236,T/JO/813,False,,,,,False,,jhm,2001-09-10 13:30:28,LEM,2002-10-28 12:58:20
IM/JO/237,JO,237,T/JO/814,False,9/1661,1661-08-10 00:00:00,,,False,,jhm,2001-09-10 13:35:07,jhm,2001-09-10 13:35:10
IM/JO/238,JO,238,T/JO/815,False,9/1661,1661-08-10 00:00:00,,,False,,jhm,2001-09-10 13:40:30,jhm,2001-09-10 13:40:35
IM/JO/239,JO,239,T/JO/816,False,9/1661,1661-08-10 00:00:00,,,False,,jhm,2001-09-10 13:44:05,jhm,2001-09-10 13:44:08
IM/JO/24,JO,24,T/JO/104,False,,,,Haddington,False,,jhm,2001-06-14 15:01:22,LEM,2002-10-28 12:53:40
IM/JO/240,JO,240,T/JO/817,False,9/1661,1661-08-10 00:00:00,,,False,,jhm,2001-09-10 13:48:26,jhm,2001-09-10 13:48:29
IM/JO/241,JO,241,T/JO/818,False,9/1661,1661-08-10 00:00:00,,,False,,jhm,2001-09-10 13:51:49,jhm,2001-09-10 13:51:52
IM/JO/243,JO,243,T/LA/402,False,9/1661,1661-08-10 00:00:00,,,False,Released,jhm,2001-09-10 14:15:08,jhm,2001-09-24 14:00:29
IM/JO/244,JO,244,T/JO/819,False,9/1661,1661-08-10 00:00:00,,,False,,jhm,2001-09-10 14:27:29,jhm,2001-09-10 14:27:32
IM/JO/245,JO,245,T/JO/830,False,,,Tolbooth,Duns,False,Released,jhm,2001-09-12 16:07:59,LEM,2002-10-28 12:59:29
IM/JO/246,JO,246,T/JO/421,False,3/1659,1659-02-06 00:00:00,Tolbooth,Stirling,False,,jhm,2001-09-12 16:12:34,jhm,2001-09-12 16:18:20
IM/JO/247,JO,247,T/JO/419,False,3/1659,1659-02-06 00:00:00,Tolbooth,Stirling,False,,jhm,2001-09-12 16:14:52,jhm,2001-09-12 16:17:25
IM/JO/248,JO,248,T/JO/867,False,,,,Falkland,False,Released,jhm,2001-09-24 14:11:24,jhm,2002-10-11 16:54:50
IM/JO/249,JO,249,T/JO/868,False,,,,Falkland,False,Released,jhm,2001-09-24 14:20:20,jhm,2002-10-11 16:55:08
IM/JO/25,JO,25,T/JO/105,False,7/1649,1649-06-06 00:00:00,,Haddington,False,,jhm,2001-06-14 15:14:22,jhm,2001-06-14 15:14:29
IM/JO/250,JO,250,T/JO/880,False,,,,Lasswade,False,Released,jhm,2001-10-03 13:01:04,jhm,2002-10-11 16:55:24
IM/JO/251,JO,251,T/JO/881,False,,,Tolbooth,Ayton,False,Released,jhm,2001-10-03 13:12:54,jhm,2002-10-11 16:55:41
IM/JO/252,JO,252,T/JO/896,False,,,Tolbooth,Duns,False,Released,jhm,2001-10-03 16:03:13,jhm,2002-10-11 16:55:58
IM/JO/253,JO,253,T/JO/831,False,,,,Rhynd,False,,jhm,2001-10-04 09:19:13,jhm,2002-10-18 11:02:18
IM/JO/254,JO,254,T/JO/832,False,,,,Rhynd,False,,jhm,2001-10-04 09:30:35,jhm,2002-10-18 11:01:51
IM/JO/255,JO,255,T/JO/833,False,,,,Rhynd,False,,jhm,2001-10-04 09:37:29,jhm,2002-10-18 11:01:31
IM/JO/256,JO,256,T/JO/834,False,,,,Rhynd,False,,jhm,2001-10-04 09:43:24,jhm,2002-10-18 11:01:12
IM/JO/257,JO,257,T/JO/897,False,,,,Rhynd,False,Moved,jhm,2001-10-04 09:55:46,LEM,2002-10-28 13:01:19
IM/JO/258,JO,258,T/JO/898,False,,,,Rhynd,False,Moved,jhm,2001-10-04 10:03:54,LEM,2002-10-28 13:00:46
IM/JO/259,JO,259,T/JO/899,False,,,,Rhynd,False,Moved,jhm,2001-10-04 10:10:52,LEM,2002-10-28 13:00:30
IM/JO/26,JO,26,T/JO/107,False,,,,Haddington,False,,jhm,2001-06-15 09:23:24,LEM,2002-10-28 12:55:05
IM/JO/260,JO,260,T/JO/900,False,,,,Rhynd,False,Moved,jhm,2001-10-04 10:17:33,LEM,2002-10-28 13:01:04
IM/JO/261,JO,261,T/JO/901,False,,,,Rhynd,False,Moved,jhm,2001-10-04 10:26:13,LEM,2002-10-28 13:00:12
IM/JO/262,JO,262,T/JO/830,False,,,Tolbooth,Eyemouth,False,Released,jhm,2001-10-04 10:56:35,LEM,2002-10-28 12:59:43
IM/JO/263,JO,263,T/JO/905,False,,,,Eyemouth,False,Released,jhm,2001-10-04 11:38:45,jhm,2002-10-11 16:56:15
IM/JO/264,JO,264,T/JO/939,False,,,,,False,,jhm,2001-10-09 10:42:19,LEM,2002-10-28 13:03:27
IM/JO/265,JO,265,T/JO/940,False,,,,,False,,jhm,2001-10-09 10:46:51,LEM,2002-10-28 13:03:14
IM/JO/266,JO,266,T/JO/941,False,,,,,False,,jhm,2001-10-09 10:50:46,LEM,2002-10-28 13:03:03
IM/JO/267,JO,267,T/JO/942,False,,,,,False,,jhm,2001-10-09 10:54:25,LEM,2002-10-28 13:02:49
IM/JO/268,JO,268,T/JO/943,False,5/1662,1662-04-09 00:00:00,,,False,,jhm,2001-10-09 10:58:43,jhm,2001-10-09 10:58:47
IM/JO/269,JO,269,T/JO/944,False,,,,,False,,jhm,2001-10-09 11:51:06,LEM,2002-10-28 13:01:37
IM/JO/27,JO,27,T/JO/108,False,,,,Haddington,False,,jhm,2001-06-15 09:39:57,LEM,2002-10-28 12:54:11
IM/JO/270,JO,270,T/JO/945,False,,,,,False,,jhm,2001-10-09 11:56:33,LEM,2002-10-28 13:02:08
IM/JO/271,JO,271,T/JO/946,False,,,,,False,,jhm,2001-10-09 12:00:15,LEM,2002-10-28 13:01:52
IM/JO/272,JO,272,T/JO/947,False,,,,,False,,jhm,2001-10-09 12:06:32,jhm,2002-10-18 11:42:34
IM/JO/273,JO,273,T/JO/951,False,,,,Lauder,False,,jhm,2001-10-09 13:03:55,LEM,2002-10-28 13:04:29
IM/JO/274,JO,274,T/JO/952,False,,,,Lauder,False,,jhm,2001-10-09 13:15:05,LEM,2002-10-28 13:04:55
IM/JO/275,JO,275,T/JO/953,False,,,,Lauder,False,,jhm,2001-10-09 13:28:09,LEM,2002-10-28 13:04:43
IM/JO/276,JO,276,T/JO/957,True,,,,Edinburgh,False,,jhm,2001-10-09 15:32:34,LEM,2002-10-28 13:04:13
IM/JO/277,JO,277,T/JO/957,False,,,Tolbooth,Auchtermuchty,True,Moved,jhm,2001-10-09 15:32:49,LEM,2002-10-28 13:04:10
IM/JO/278,JO,278,T/JO/958,False,,,Tolbooth,Jedburgh,False,,jhm,2001-10-09 15:45:00,jhm,2002-10-11 16:56:32
IM/JO/279,JO,279,T/JO/969,False,10/1/1662,1661-12-19 00:00:00,,Montrose,True,Moved,jhm,2001-10-11 09:18:01,jhm,2001-10-11 09:18:41
IM/JO/28,JO,28,T/JO/109,False,,,,Haddington,False,,jhm,2001-06-15 09:52:51,jhm,2002-10-11 16:41:52
IM/JO/280,JO,280,T/JO/969,False,16/9/1662,1662-08-25 00:00:00,,Forfar,False,Released,jhm,2001-10-11 09:18:41,jhm,2001-10-11 09:19:21
IM/JO/281,JO,281,T/JO/970,False,10/1/1662,1661-12-19 00:00:00,,Montrose,True,Moved,jhm,2001-10-11 09:30:04,jhm,2001-10-11 09:30:18
IM/JO/282,JO,282,T/JO/970,False,16/9/1662,1662-08-25 00:00:00,,Forfar,False,Released,jhm,2001-10-11 09:30:18,jhm,2001-10-11 09:30:30
IM/JO/283,JO,283,T/JO/984,False,7/1662,1662-06-09 00:00:00,Tolbooth,Inverness,False,,jhm,2001-10-11 12:59:44,jhm,2001-10-11 13:00:01
IM/JO/284,JO,284,T/JO/986,False,,,House,Comer,False,,jhm,2001-10-11 13:19:36,jhm,2002-10-18 11:00:53
IM/JO/285,JO,285,T/JO/987,False,,,House,Comer,False,,jhm,2001-10-11 13:35:38,jhm,2002-10-18 11:00:48
IM/JO/286,JO,286,T/JO/988,False,6/1662,1662-05-10 00:00:00,,,False,,jhm,2001-10-11 14:41:21,jhm,2001-10-11 14:41:26
IM/JO/287,JO,287,T/JO/989,False,,,House,Comer,False,,jhm,2001-10-11 14:48:41,jhm,2002-10-18 11:00:09
IM/JO/288,JO,288,T/JO/990,False,,,House,Comer,False,,jhm,2001-10-11 14:56:15,jhm,2002-10-18 11:00:26
IM/JO/289,JO,289,T/JO/991,False,,,House,Comer,False,,jhm,2001-10-11 15:05:18,jhm,2002-10-18 10:59:52
IM/JO/29,JO,29,T/JO/111,False,,,,Haddington,False,,jhm,2001-06-15 10:00:49,jhm,2002-10-11 16:42:09
IM/JO/290,JO,290,T/JO/992,False,,,House,Comer,False,,jhm,2001-10-11 15:12:39,jhm,2002-10-18 10:59:33
IM/JO/291,JO,291,T/JO/993,False,,,House,Comer,False,,jhm,2001-10-11 15:19:36,jhm,2002-10-18 10:58:55
IM/JO/292,JO,292,T/JO/994,False,,,House,Comer,False,,jhm,2001-10-11 15:27:01,jhm,2002-10-18 10:58:17
IM/JO/293,JO,293,T/JO/996,False,,,House,Comer,False,,jhm,2001-10-11 15:39:19,jhm,2002-10-18 10:57:52
IM/JO/294,JO,294,T/JO/998,False,,,House,Comer,False,,jhm,2001-10-11 15:53:50,jhm,2002-10-18 10:56:54
IM/JO/295,JO,295,T/JO/999,False,,,House,Comer,False,,jhm,2001-10-11 16:01:10,jhm,2002-10-11 16:56:41
IM/JO/296,JO,296,T/JO/1007,False,8/1662,1662-07-10 00:00:00,,,False,,jhm,2001-10-18 15:03:43,jhm,2001-10-18 15:03:48
IM/JO/297,JO,297,T/JO/1008,False,8/1662,1662-07-10 00:00:00,,,False,,jhm,2001-10-18 15:08:05,jhm,2001-10-18 15:08:08
IM/JO/298,JO,298,T/JO/1009,False,8/1662,1662-07-10 00:00:00,,,False,,jhm,2001-10-18 15:11:24,jhm,2001-10-18 15:11:28
IM/JO/299,JO,299,T/JO/1010,False,8/1662,1662-07-10 00:00:00,,,False,,jhm,2001-10-18 15:15:00,jhm,2001-10-18 15:15:03
IM/JO/30,JO,30,T/JO/112,False,,,,Haddington,False,,jhm,2001-06-15 10:06:17,jhm,2002-10-11 16:42:14
IM/JO/300,JO,300,T/JO/1011,False,8/1662,1662-07-10 00:00:00,,,False,,jhm,2001-10-18 15:18:35,jhm,2001-10-18 15:18:39
IM/JO/301,JO,301,T/JO/1012,False,8/1662,1662-07-10 00:00:00,,,False,,jhm,2001-10-18 15:21:47,jhm,2001-10-18 15:21:51
IM/JO/302,JO,302,T/JO/1017,False,,,Wardhouse,Forfar,False,Released,jhm,2001-10-18 16:25:18,jhm,2002-11-13 12:23:03
IM/JO/303,JO,303,T/JO/769,False,1664,1664-05-10 00:00:00,,Stirling,False,Moved,jhm,2001-10-19 09:20:41,jhm,2001-10-19 09:21:01
IM/JO/304,JO,304,T/JO/1019,False,,,Tolbooth,Paisley,False,,jhm,2001-10-19 09:43:00,jhm,2002-10-21 16:49:51
IM/JO/305,JO,305,T/JO/1020,False,,,,Lauder,False,Released,jhm,2001-10-19 09:55:44,jhm,2002-10-11 16:57:19
IM/JO/308,JO,308,T/JO/1073,False,,,Tolbooth,Canongate,False,,jhm,2001-10-22 13:29:07,jhm,2002-10-11 16:57:24
IM/JO/309,JO,309,T/JO/1075,False,8/1661,1661-07-10 00:00:00,Tolbooth,Forfar,False,,jhm,2001-10-22 15:01:11,jhm,2001-10-22 15:01:20
IM/JO/31,JO,31,T/JO/113,False,,,,Haddington,False,,jhm,2001-06-15 10:10:57,jhm,2002-10-11 16:42:43
IM/JO/310,JO,310,T/JO/1076,False,8/1661,1661-07-10 00:00:00,Tolbooth,Forfar,False,,jhm,2001-10-22 15:05:48,jhm,2001-10-22 15:05:59
IM/JO/311,JO,311,T/JO/1077,False,29/1/1706,1706-01-17 00:00:00,Tolbooth,Wigtown,False,Escaped,jhm,2001-10-23 10:45:05,jhm,2001-10-23 10:45:26
IM/JO/318,JO,318,T/JO/1111,False,8/1646,1646-07-06 00:00:00,,,False,Released,jhm,2001-11-27 09:59:08,jhm,2001-11-27 10:01:09
IM/JO/319,JO,319,T/JO/1113,False,22/11/1649,1649-10-28 00:00:00,Tolbooth,Lanark,False,Released,jhm,2001-11-27 12:24:27,jhm,2002-10-18 11:50:00
IM/JO/32,JO,32,T/JO/114,False,,,,Haddington,False,,jhm,2001-06-15 10:15:41,jhm,2002-10-11 16:42:47
IM/JO/320,JO,320,T/JO/1114,False,,,Tolbooth,Lanark,False,Released,jhm,2001-11-27 12:46:27,LEM,2002-10-28 13:09:27
IM/JO/321,JO,321,T/JO/1115,False,22/11/1649,1649-10-28 00:00:00,Tolbooth,Lanark,False,,jhm,2001-11-27 13:14:08,jhm,2002-10-18 11:50:48
IM/JO/322,JO,322,T/JO/1116,False,22/11/1649,1649-10-28 00:00:00,Tolbooth,Lanark,False,Released,jhm,2001-11-27 13:23:53,jhm,2002-10-18 11:50:32
IM/JO/323,JO,323,T/JO/1117,False,22/11/1649,1649-10-28 00:00:00,Tolbooth,Lanark,False,Released,jhm,2001-11-27 13:36:23,jhm,2002-10-18 11:50:15
IM/JO/324,JO,324,T/JO/1118,False,22/11/1649,1649-10-28 00:00:00,Tolbooth,Lanark,False,Released,jhm,2001-11-27 14:00:52,jhm,2002-10-18 11:49:36
IM/JO/325,JO,325,T/JO/1119,False,,,Tolbooth,Lanark,False,Released,jhm,2001-11-27 15:11:05,jhm,2002-10-21 13:29:55
IM/JO/326,JO,326,T/JO/1120,False,,,Tolbooth,Lanark,False,,jhm,2001-11-27 15:24:06,LEM,2002-10-28 13:10:35
IM/JO/327,JO,327,T/JO/1121,False,22/11/1649,1649-10-28 00:00:00,Tolbooth,Lanark,False,Released,jhm,2001-11-27 15:32:17,jhm,2002-10-18 10:53:27
IM/JO/328,JO,328,T/JO/1122,False,22/11/1649,1649-10-28 00:00:00,Tolbooth,Lanark,False,Released,jhm,2001-11-27 15:41:25,jhm,2002-10-18 10:53:41
IM/JO/329,JO,329,T/JO/1123,False,22/11/1649,1649-10-28 00:00:00,Tolbooth,Lanark,False,Released,jhm,2001-11-27 15:50:59,jhm,2002-10-18 10:54:01
IM/JO/33,JO,33,T/JO/115,False,,,,Haddington,False,,jhm,2001-06-15 10:22:15,jhm,2002-10-11 16:43:04
IM/JO/330,JO,330,T/JO/1125,False,9/1649,1649-08-07 00:00:00,,Renfrew,False,,jhm,2001-12-04 09:34:06,jhm,2001-12-04 09:34:15
IM/JO/331,JO,331,T/JO/1126,False,9/1649,1649-08-07 00:00:00,,Renfrew,False,,jhm,2001-12-04 09:42:26,jhm,2001-12-04 09:43:24
IM/JO/332,JO,332,T/JO/1127,False,9/1649,1649-08-07 00:00:00,,Renfrew,False,,jhm,2001-12-04 09:45:01,jhm,2001-12-04 09:45:40
IM/JO/333,JO,333,T/JO/1128,False,9/1649,1649-08-07 00:00:00,,Renfrew,False,,jhm,2001-12-04 09:47:49,jhm,2001-12-04 09:51:40
IM/JO/334,JO,334,T/JO/1132,False,2/1697,1697-01-19 00:00:00,House,,True,,jhm,2001-12-04 14:45:11,jhm,2001-12-04 14:45:25
IM/JO/335,JO,335,T/JO/1133,False,2/1697,1697-01-19 00:00:00,House,,True,,jhm,2001-12-04 15:00:57,jhm,2001-12-04 15:01:07
IM/JO/336,JO,336,T/JO/1134,False,,,House,,True,,jhm,2001-12-04 15:09:13,jhm,2002-10-18 10:51:08
IM/JO/337,JO,337,T/JO/1168,False,2/1696,1696-01-18 00:00:00,,Greenock,False,,jhm,2001-12-06 14:40:08,jhm,2001-12-06 14:41:44
IM/JO/338,JO,338,T/JO/1169,False,,,,Balliemore,False,,jhm,2002-01-14 09:49:17,jhm,2002-10-18 10:50:51
IM/JO/339,JO,339,T/JO/1173,False,4/1649,1649-03-07 00:00:00,,Inverkeithing,False,,jhm,2002-01-16 12:52:41,jhm,2002-01-16 12:54:13
IM/JO/34,JO,34,T/JO/116,False,,,,Haddington,False,,jhm,2001-06-15 10:28:12,jhm,2002-10-11 16:43:25
IM/JO/340,JO,340,T/JO/1174,False,4/1649,1649-03-07 00:00:00,,Inverkeithing,False,,jhm,2002-01-16 13:07:52,jhm,2002-01-16 13:08:42
IM/JO/341,JO,341,T/JO/1175,False,4/1649,1649-03-07 00:00:00,,Inverkeithing,False,,jhm,2002-01-16 13:13:11,jhm,2002-01-16 13:13:18
IM/JO/342,JO,342,T/JO/1177,False,8/1661,1661-07-10 00:00:00,,Aberdour,False,,jhm,2002-01-16 15:18:17,jhm,2002-01-16 15:18:31
IM/JO/343,JO,343,T/JO/1178,False,,,,Aberdour,False,,jhm,2002-01-16 15:36:19,jhm,2002-10-18 10:50:35
IM/JO/344,JO,344,T/JO/1179,False,,,,Aberdour,False,,jhm,2002-01-16 15:41:22,jhm,2002-10-18 10:50:31
IM/JO/345,JO,345,T/JO/1185,False,9/1638,1638-08-04 00:00:00,Steeple,Dysart,False,Released,jhm,2002-01-17 15:14:07,jhm,2002-01-17 15:17:13
IM/JO/346,JO,346,T/JO/1183,False,10/1638,1638-09-03 00:00:00,,Dysart,False,,jhm,2002-01-17 15:26:37,jhm,2002-01-17 15:26:55
IM/JO/347,JO,347,T/JO/1184,False,10/1638,1638-09-03 00:00:00,,Dysart,False,,jhm,2002-01-17 15:27:08,jhm,2002-01-17 15:27:15
IM/JO/348,JO,348,T/JO/1186,False,1/1639,1638-12-04 00:00:00,,Wemyss,False,,jhm,2002-01-17 15:40:04,jhm,2002-01-17 15:40:10
IM/JO/349,JO,349,T/JO/1188,False,9/1642,1642-08-05 00:00:00,Steeple,Dysart,False,Released,jhm,2002-01-22 10:11:23,jhm,2002-01-22 10:11:41
IM/JO/35,JO,35,T/JO/117,False,,,,Haddington,False,,jhm,2001-06-15 10:32:21,jhm,2002-10-11 16:43:41
IM/JO/350,JO,350,T/LA/1077,False,,,,Dysart,False,Released,jhm,2002-01-22 12:40:08,LEM,2002-10-28 12:51:24
IM/JO/351,JO,351,T/JO/1206,False,12/1649,1649-11-06 00:00:00,,Brechin,False,,jhm,2002-02-07 10:25:39,jhm,2002-02-07 10:25:50
IM/JO/352,JO,352,T/JO/1208,False,4/1650,1650-03-07 00:00:00,Steeple,Brechin,False,,jhm,2002-02-07 14:16:10,jhm,2002-02-14 10:47:06
IM/JO/353,JO,353,T/JO/1209,False,,,,Montrose,False,,jhm,2002-02-07 15:10:24,jhm,2002-10-18 10:49:59
IM/JO/354,JO,354,T/JO/1212,False,9/1659,1659-08-09 00:00:00,,Montrose,False,,jhm,2002-02-14 12:09:32,jhm,2002-10-29 10:51:33
IM/JO/36,JO,36,T/JO/118,False,,,,Haddington,False,,jhm,2001-06-15 10:36:49,jhm,2002-10-11 16:43:58
IM/JO/37,JO,37,T/JO/126,False,15/8/1649,1649-07-21 00:00:00,,Humbie,False,,jhm,2001-06-15 12:47:08,jhm,2001-06-15 12:47:17
IM/JO/38,JO,38,T/JO/127,False,15/8/1649,1649-07-21 00:00:00,,Humbie,False,,jhm,2001-06-15 12:51:19,jhm,2001-06-15 12:51:31
IM/JO/389,JO,389,T/LA/497,False,,,Steeple,,False,Released,jhm,2002-02-19 10:11:35,LEM,2002-10-28 12:43:38
IM/JO/39,JO,39,T/JO/128,False,15/8/1649,1649-07-21 00:00:00,,Humbie,False,,jhm,2001-06-15 12:58:10,jhm,2001-06-15 12:58:24
IM/JO/390,JO,390,T/LA/497,False,,,Tolbooth,Perth,False,Released,jhm,2002-02-19 10:14:51,LEM,2002-10-28 12:43:40
IM/JO/391,JO,391,T/LA/497,False,,,,,False,,jhm,2002-02-19 10:18:44,LEM,2002-10-28 12:43:42
IM/JO/392,JO,392,T/JO/1265,False,11/1646,1646-10-06 00:00:00,,Elgin,False,Escaped,jhm,2002-03-27 10:44:16,jhm,2002-03-27 10:44:29
IM/JO/393,JO,393,T/JO/1266,False,9/1636,1636-08-03 00:00:00,,Aberdeen,False,Escaped,jhm,2002-03-28 11:04:28,jhm,2002-03-28 11:04:41
IM/JO/394,JO,394,T/JO/1271,False,3/1719,1719-02-20 00:00:00,,Thurso,False,,jhm,2002-04-17 09:22:08,jhm,2002-04-17 09:22:23
IM/JO/395,JO,395,T/JO/1272,False,3/1719,1719-02-20 00:00:00,,Thurso,False,,jhm,2002-04-17 09:32:21,jhm,2002-04-17 09:32:31
IM/JO/396,JO,396,T/JO/1273,False,3/1719,1719-02-20 00:00:00,,Thurso,False,,jhm,2002-04-17 09:37:35,jhm,2002-04-17 09:37:42
IM/JO/397,JO,397,T/JO/1274,False,3/1719,1719-02-20 00:00:00,,Thurso,False,,jhm,2002-04-17 09:41:22,jhm,2002-04-17 09:41:29
IM/JO/398,JO,398,T/JO/1275,False,3/1719,1719-02-20 00:00:00,,Thurso,False,,jhm,2002-04-17 09:44:47,jhm,2002-04-17 09:44:52
IM/JO/399,JO,399,T/JO/1276,False,3/1719,1719-02-20 00:00:00,,Thurso,False,,jhm,2002-04-17 09:48:22,jhm,2002-04-17 09:48:30
IM/JO/40,JO,40,T/JO/129,False,15/8/1649,1649-07-21 00:00:00,,Humbie,False,,jhm,2001-06-15 13:02:06,jhm,2001-06-15 13:02:14
IM/JO/400,JO,400,T/JO/1289,False,,,,Dumfries,False,Released,jhm,2002-05-01 16:19:50,jhm,2002-10-18 10:49:40
IM/JO/402,JO,402,T/JO/1298,False,1/1598,1597-11-24 00:00:00,,Aberdeen,False,,jhm,2002-05-09 12:04:24,jhm,2002-05-09 12:06:51
IM/JO/403,JO,403,T/JO/1300,False,1/1597,1596-11-23 00:00:00,,Slains,False,Moved,jhm,2002-05-09 13:02:29,jhm,2002-05-09 13:07:01
IM/JO/404,JO,404,T/JO/1300,False,4/1597,1597-02-22 00:00:00,,Aberdeen,False,,jhm,2002-05-09 13:07:02,jhm,2002-05-09 13:07:33
IM/JO/405,JO,405,T/JO/1306,False,11/1597,1597-09-24 00:00:00,,Aberdeen,False,Released,jhm,2002-05-13 12:25:59,jhm,2002-05-13 12:26:13
IM/JO/406,JO,406,T/JO/1307,False,1596,1596-04-23 00:00:00,Castle,Slains,False,Released,jhm,2002-05-14 11:11:02,jhm,2002-05-14 11:11:26
IM/JO/409,JO,409,T/JO/1405,False,,,,Kirkwall,False,,jhm,2002-06-17 15:13:55,jhm,2002-10-18 10:48:53
IM/JO/41,JO,41,T/JO/130,False,,,,Humbie,False,,jhm,2001-06-15 13:05:46,jhm,2002-10-11 16:44:34
IM/JO/410,JO,410,T/JO/1406,False,,,,Kirwall,False,,jhm,2002-06-17 15:19:26,jhm,2002-10-18 10:48:34
IM/JO/411,JO,411,T/JO/1407,False,,,,Kirkwall,False,,jhm,2002-06-17 15:21:53,jhm,2002-10-18 10:48:28
IM/JO/412,JO,412,T/JO/1408,False,,,,Kirkwall,False,,jhm,2002-06-17 15:24:10,jhm,2002-10-18 10:47:53
IM/JO/413,JO,413,T/JO/1411,False,,,,Kirkwall,False,,jhm,2002-06-17 15:55:42,jhm,2002-10-18 10:47:17
IM/JO/414,JO,414,T/JO/1435,False,,,Tolbooth,Stirling,False,,jhm,2002-06-27 14:56:16,jhm,2002-10-18 10:46:59
IM/JO/415,JO,415,T/JO/1446,False,,,,Dysart,False,,jhm,2002-07-02 09:19:12,LEM,2002-10-28 13:10:54
IM/JO/416,JO,416,T/JO/1450,False,,,,Dysart,False,,jhm,2002-07-02 09:36:21,LEM,2002-10-28 13:11:11
IM/JO/417,JO,417,T/JO/1452,False,,,,Dysart,False,,jhm,2002-07-02 09:46:32,LEM,2002-10-28 13:11:35
IM/JO/418,JO,418,T/JO/1456,False,7/8/1649,1649-07-13 00:00:00,,Dysart,False,,jhm,2002-07-02 10:00:17,jhm,2002-07-02 10:00:27
IM/JO/419,JO,419,T/JO/1457,False,,,,Dysart,False,,jhm,2002-07-02 10:13:15,LEM,2002-10-28 13:11:53
IM/JO/42,JO,42,T/JO/132,False,15/8/1649,1649-07-21 00:00:00,,Humbie,False,,jhm,2001-06-15 13:37:14,jhm,2001-06-15 13:37:21
IM/JO/420,JO,420,T/JO/1458,False,,,,Dysart,False,,jhm,2002-07-02 10:18:12,jhm,2002-10-18 10:43:56
IM/JO/421,JO,421,T/JO/1459,False,,,,Dysart,False,,jhm,2002-07-02 10:23:51,jhm,2002-10-18 10:43:37
IM/JO/422,JO,422,T/JO/1461,False,,,,Lauder,False,,jhm,2002-07-02 15:37:13,jhm,2002-10-18 10:43:15
IM/JO/424,JO,424,T/JO/1463,False,,,,Stirling,False,,jhm,2002-07-03 11:00:44,jhm,2002-10-18 10:42:53
IM/JO/425,JO,425,T/JO/1464,False,,,,Stirling,False,,jhm,2002-07-03 11:04:39,jhm,2002-10-18 10:42:35
IM/JO/426,JO,426,T/JO/1471,False,5/1658,1658-04-08 00:00:00,,Alloa,False,,jhm,2002-07-04 11:21:42,jhm,2002-07-04 11:26:25
IM/JO/427,JO,427,T/LA/1296,False,6/1658,1658-05-09 00:00:00,,Alloa,False,,jhm,2002-07-04 12:25:24,jhm,2002-07-04 12:25:36
IM/JO/428,JO,428,T/LA/1295,False,6/1658,1658-05-09 00:00:00,,Alloa,False,,jhm,2002-07-04 13:43:27,jhm,2002-07-04 13:43:37
IM/JO/429,JO,429,T/LA/1294,False,6/1658,1658-05-09 00:00:00,,Alloa,False,,jhm,2002-07-04 14:04:09,jhm,2002-07-04 14:04:18
IM/JO/43,JO,43,T/JO/133,False,,,,Haddington,False,,jhm,2001-06-18 09:17:24,jhm,2002-10-11 16:45:08
IM/JO/430,JO,430,T/JO/1487,False,6/1658,1658-05-09 00:00:00,,Alloa,False,,jhm,2002-07-04 15:14:05,jhm,2002-07-04 15:14:13
IM/JO/431,JO,431,T/JO/1497,False,4/1597,1597-02-22 00:00:00,Tolbooth,Aberdeen,False,,jhm,2002-07-09 12:03:10,jhm,2002-07-09 12:03:23
IM/JO/432,JO,432,T/JO/1514,False,,,,Corstorphine,False,Died,jhm,2002-07-11 10:28:44,LEM,2002-10-28 13:07:36
IM/JO/433,JO,433,T/JO/1515,False,6/1649,1649-05-07 00:00:00,,Corstorphine,False,,jhm,2002-07-11 11:06:41,jhm,2002-07-11 11:07:00
IM/JO/434,JO,434,T/JO/1532,False,,,,Corstorphine,False,,jhm,2002-07-11 13:41:46,LEM,2002-10-28 13:05:32
IM/JO/435,JO,435,T/JO/1534,False,9/1649,1649-08-07 00:00:00,,Corstorphine,False,,jhm,2002-07-11 15:05:27,jhm,2002-07-11 15:05:38
IM/JO/436,JO,436,T/JO/1535,False,,,,Dunfermline,False,,jhm,2002-07-11 16:02:29,LEM,2002-10-28 13:07:57
IM/JO/437,JO,437,T/JO/1536,False,12/1649,1649-11-06 00:00:00,,Dunfermline,False,,jhm,2002-07-11 16:13:15,jhm,2002-07-11 16:13:23
IM/JO/438,JO,438,T/JO/1537,False,1649,1649-05-07 00:00:00,,Dunfermline,False,,jhm,2002-07-11 16:15:57,jhm,2002-07-11 16:16:50
IM/JO/439,JO,439,T/JO/1317,False,,,Tolbooth,Aberdeen,False,,jhm,2002-07-18 12:32:11,jhm,2002-10-18 10:49:16
IM/JO/44,JO,44,T/JO/134,False,,,,Haddington,False,,jhm,2001-06-18 09:23:08,jhm,2002-10-11 16:45:27
IM/JO/45,JO,45,T/JO/138,False,10/1649,1649-09-06 00:00:00,Tolbooth,Stenton,False,Escaped,jhm,2001-06-18 10:01:18,jhm,2001-06-18 10:01:43
IM/JO/451,JO,451,T/JO/1641,False,,,,,False,Released,jhm,2002-07-22 14:27:13,jhm,2002-10-18 10:42:14
IM/JO/452,JO,452,T/JO/1642,False,,,,,False,,jhm,2002-07-22 14:31:53,jhm,2002-10-18 10:41:54
IM/JO/453,JO,453,T/JO/1643,False,,,,,False,,jhm,2002-07-22 14:36:25,jhm,2002-10-18 10:41:49
IM/JO/454,JO,454,T/JO/1644,False,,,,,False,,jhm,2002-07-22 14:40:53,jhm,2002-10-18 10:41:32
IM/JO/455,JO,455,T/JO/1645,False,,,,,False,,jhm,2002-07-22 14:45:49,jhm,2002-10-18 10:41:14
IM/JO/456,JO,456,T/JO/1646,False,,,,,False,,jhm,2002-07-22 14:49:09,jhm,2002-10-18 10:40:44
IM/JO/457,JO,457,T/JO/1647,False,,,,,False,,jhm,2002-07-22 14:51:44,jhm,2002-10-18 10:40:27
IM/JO/458,JO,458,T/JO/1648,False,,,,,False,,jhm,2002-07-22 14:54:54,jhm,2002-10-18 10:40:08
IM/JO/459,JO,459,T/JO/1649,False,12/1649,1649-11-06 00:00:00,,,False,,jhm,2002-07-22 14:57:28,jhm,2002-07-22 14:57:32
IM/JO/46,JO,46,T/JO/146,False,,,,Haddington,False,,jhm,2001-06-18 12:11:03,jhm,2002-10-11 16:46:35
IM/JO/460,JO,460,T/JO/1650,False,,,,,False,,jhm,2002-07-22 15:01:30,jhm,2002-10-18 10:39:25
IM/JO/461,JO,461,T/JO/1651,False,,,,,False,,jhm,2002-07-22 15:07:34,jhm,2002-10-18 10:39:08
IM/JO/462,JO,462,T/LA/1028,False,,,,Burntisland,False,,jhm,2002-07-23 10:31:35,LEM,2002-10-28 12:56:05
IM/JO/463,JO,463,T/JO/1661,False,,,Tolbooth,Inveresk,False,,jhm,2002-07-23 16:12:24,jhm,2002-10-18 10:39:03
IM/JO/464,JO,464,T/JO/1662,False,11/1661,1661-10-10 00:00:00,Tolbooth,Inveresk,False,,jhm,2002-07-23 16:18:00,jhm,2002-07-24 09:30:44
IM/JO/465,JO,465,T/JO/1663,False,,,,Newbattle,False,,jhm,2002-07-24 10:53:30,LEM,2002-10-28 14:15:05
IM/JO/466,JO,466,T/JO/1666,False,,,,Newbattle,False,,jhm,2002-07-24 12:02:44,jhm,2002-10-18 10:37:57
IM/JO/467,JO,467,T/JO/1667,False,,,,Newbattle,False,,jhm,2002-07-24 12:05:49,jhm,2002-10-18 10:37:34
IM/JO/468,JO,468,T/JO/1674,True,19/6/1649,1649-05-25 00:00:00,Tolbooth,Edinburgh,False,,jhm,2002-07-30 14:18:48,jhm,2002-07-30 14:19:01
IM/JO/469,JO,469,T/JO/1688,False,2/1598,1597-12-25 00:00:00,House,Lathetker,False,,jhm,2002-08-02 11:15:10,jhm,2002-08-02 11:15:28
IM/JO/47,JO,47,T/JO/147,False,,,,Haddington,False,,jhm,2001-06-18 12:14:41,jhm,2002-10-11 16:46:51
IM/JO/470,JO,470,T/JO/1694,False,7/1675,1675-06-12 00:00:00,,Crail,False,Died,jhm,2002-08-02 14:11:44,jhm,2002-08-02 14:11:58
IM/JO/471,JO,471,T/JO/1695,False,6/1704,1704-05-19 00:00:00,,Pittenweem,False,,jhm,2002-08-02 15:04:34,jhm,2002-08-02 15:04:43
IM/JO/472,JO,472,T/JO/1696,False,6/1704,1704-05-19 00:00:00,,Pittenweem,False,,jhm,2002-08-02 15:09:26,jhm,2002-08-02 15:09:33
IM/JO/473,JO,473,T/JO/1697,False,6/1704,1704-05-19 00:00:00,,Pittenweem,False,,jhm,2002-08-02 15:14:15,jhm,2002-08-02 15:14:21
IM/JO/474,JO,474,T/JO/1698,False,6/1704,1704-05-19 00:00:00,,Pittenweem,False,,jhm,2002-08-02 15:18:27,jhm,2002-08-02 15:18:33
IM/JO/475,JO,475,T/JO/1699,False,,,,Pittenweem,False,,jhm,2002-08-02 15:27:46,jhm,2002-10-18 10:55:04
IM/JO/476,JO,476,T/JO/1712,False,,,Tolbooth,Haddington,False,,jhm,2002-08-07 15:24:12,LEM,2002-10-28 13:06:54
IM/JO/477,JO,477,T/JO/1713,False,,,Tolbooth,Haddington,False,,jhm,2002-08-07 15:37:56,LEM,2002-10-28 13:09:06
IM/JO/48,JO,48,T/JO/148,False,,,,Haddington,False,Released,jhm,2001-06-18 12:19:06,jhm,2002-10-11 16:47:13
IM/JO/480,JO,480,T/JO/1789,False,,,Tolbooth,Haddington,False,,jhm,2002-08-07 16:09:31,LEM,2002-10-28 13:07:07
IM/JO/481,JO,481,T/JO/1790,False,,,Tolbooth,Haddington,False,,jhm,2002-08-07 16:15:27,LEM,2002-10-28 13:07:25
IM/JO/482,JO,482,T/JO/1791,False,,,Tolbooth,Haddington,False,,jhm,2002-08-07 16:21:17,LEM,2002-10-28 13:08:42
IM/JO/483,JO,483,T/JO/1813,False,5/1661,1661-04-09 00:00:00,,Haddington,False,,jhm,2002-08-20 10:57:50,jhm,2002-08-20 10:58:01
IM/JO/484,JO,484,T/JO/1812,False,5/1661,1661-04-09 00:00:00,,Haddington,False,,jhm,2002-08-20 10:58:54,jhm,2002-08-20 10:59:15
IM/JO/485,JO,485,T/JO/1814,False,,,,Haddington,False,,jhm,2002-08-20 11:08:35,LEM,2002-10-28 12:57:13
IM/JO/486,JO,486,T/JO/1815,False,,,,Haddington,False,,jhm,2002-08-20 11:14:40,LEM,2002-10-28 12:56:45
IM/JO/487,JO,487,T/JO/1816,False,,,,Haddington,False,,jhm,2002-08-20 11:30:19,LEM,2002-10-28 12:56:31
IM/JO/488,JO,488,T/JO/1817,False,,,,Haddington,False,,jhm,2002-08-20 11:37:54,LEM,2002-10-28 12:57:26
IM/JO/489,JO,489,T/JO/1838,False,5/1650,1650-04-06 00:00:00,,,False,,jhm,2002-08-21 09:53:22,jhm,2002-08-21 09:54:31
IM/JO/49,JO,49,T/JO/149,False,,,,Haddington,False,,jhm,2001-06-18 12:22:07,jhm,2002-10-11 16:47:33
IM/JO/490,JO,490,T/LA/784,False,,,Tolbooth,Glasgow,False,,jhm,2002-08-26 14:53:00,LEM,2002-10-28 12:47:30
IM/JO/491,JO,491,T/JO/1876,False,13/6/1649,1649-05-19 00:00:00,Castle,Dirleton,False,,jhm,2002-08-26 15:24:54,jhm,2002-08-26 15:25:05
IM/JO/492,JO,492,T/JO/1879,False,,,,Rothesay,False,,jhm,2002-08-27 09:12:00,LEM,2002-10-28 13:03:52
IM/JO/493,JO,493,T/JO/1880,False,,,,Bute,False,,jhm,2002-08-27 10:25:42,LEM,2002-10-28 13:03:39
IM/JO/494,JO,494,T/JO/1884,False,18/1/1662,1661-12-27 00:00:00,Tolbooth,Rothesay,False,,jhm,2002-08-28 09:49:19,jhm,2002-08-28 09:49:55
IM/JO/50,JO,50,T/JO/150,False,,,,Aberlady,False,,jhm,2001-06-18 13:13:01,jhm,2002-10-11 16:47:39
IM/JO/503,JO,503,T/JO/81,False,1630,1630-05-02 00:00:00,Tolbooth,Haddington,False,,jhm,2002-10-02 12:13:23,jhm,2002-10-02 12:13:43
IM/JO/504,JO,504,T/LA/99,False,1/7/1630,1630-06-01 00:00:00,,Edinburgh,False,Released,jhm,2002-10-03 09:59:42,jhm,2002-10-03 10:00:08
IM/JO/505,JO,505,T/LA/172,False,14/4/1591,1591-03-05 00:00:00,Castle,Edinburgh,False,Escaped,jhm,2002-10-03 10:22:54,jhm,2002-10-03 10:23:05
IM/JO/506,JO,506,T/LA/799,True,2/11/1630,1630-10-03 00:00:00,,Edinburgh,False,,jhm,2002-10-03 10:54:25,jhm,2002-10-03 10:54:36
IM/JO/507,JO,507,T/LA/810,False,,,,Leith,False,Released,jhm,2002-10-03 11:22:15,LEM,2002-10-28 12:49:00
IM/JO/508,JO,508,T/LA/1076,False,,,Tolbooth,Canongate,False,Released,jhm,2002-10-03 12:36:15,LEM,2002-10-28 12:51:04
IM/JO/509,JO,509,T/LA/1015,False,2/7/1649,1649-06-07 00:00:00,Tolbooth,Eyemouth,False,,jhm,2002-10-03 14:56:30,jhm,2002-10-03 14:56:53
IM/JO/51,JO,51,T/JO/191,False,,,,North Berwick,False,,jhm,2001-06-19 11:58:30,jhm,2002-10-11 16:47:59
IM/JO/510,JO,510,T/LA/1023,False,13/7/1649,1649-06-18 00:00:00,Tolbooth,Haddington,False,,jhm,2002-10-03 15:22:46,jhm,2002-10-03 15:22:55
IM/JO/511,JO,511,T/LA/1250,False,,,,,False,Released,jhm,2002-10-11 16:14:27,jhm,2002-10-11 16:14:41
IM/JO/512,JO,512,T/JO/995,False,,,House,Comer,False,,jhm,2002-10-21 15:57:43,jhm,2002-10-21 15:57:48
IM/JO/52,JO,52,T/JO/192,False,,,,North Berwick,False,,jhm,2001-06-19 12:02:39,jhm,2002-10-11 16:48:15
IM/JO/53,JO,53,T/JO/205,False,1662,1662-05-10 00:00:00,Tolbooth,Rothesay,False,Escaped,jhm,2001-06-27 12:16:37,jhm,2001-06-27 12:17:05
IM/JO/8,JO,8,T/JO/3,False,,,Tolbooth,Aberdeen,False,,jhm,2001-06-05 12:17:38,jhm,2001-06-05 12:18:02
IM/JO/89,JO,89,T/JO/308,True,,,Tolbooth,Edinburgh,True,Moved,jhm,2001-07-03 10:41:19,jhm,2002-10-11 16:49:29
IM/JO/9,JO,9,T/JO/77,False,12/11/1628,1628-10-12 00:00:00,Tolbooth,Dalkeith,False,,jhm,2001-06-07 14:43:52,jhm,2001-06-07 14:44:12
IM/JO/90,JO,90,T/JO/333,False,29/4/1630,1630-03-30 00:00:00,,Crichton,False,,jhm,2001-07-04 10:19:51,jhm,2001-07-04 10:20:20
IM/JO/91,JO,91,T/JO/342,False,,,,Dalkeith,False,,jhm,2001-07-04 13:32:56,jhm,2002-10-11 16:49:40
IM/JO/92,JO,92,T/JO/343,False,,,,Dalkeith,False,Released,jhm,2001-07-04 13:43:16,jhm,2002-10-11 16:50:52
IM/LA/1,LA,1,T/LA/1,True,13/2/1629,1629-01-14 00:00:00,Tolbooth,Edinburgh,False,,LEM,2001-05-17 10:10:47,LEM,2001-06-12 10:45:40
IM/LA/100,LA,100,T/LA/352,False,,,,Glasgow,False,,LEM,2001-07-05 12:41:40,jhm,2002-10-11 16:28:18
IM/LA/101,LA,101,T/LA/354,False,,,Tolbooth,Linlithgow,False,,LEM,2001-07-05 12:49:59,jhm,2002-10-11 16:28:44
IM/LA/102,LA,102,T/LA/355,False,,,,St. Colme,False,,LEM,2001-07-05 13:08:53,jhm,2002-10-11 16:29:13
IM/LA/103,LA,103,T/LA/356,False,,,,St. Colme,False,,LEM,2001-07-05 13:20:00,jhm,2002-10-11 16:29:30
IM/LA/104,LA,104,T/LA/357,False,,,,St. Colme,False,,LEM,2001-07-05 13:22:09,jhm,2002-10-11 16:29:44
IM/LA/105,LA,105,T/LA/358,False,,,,St. Colme,False,,LEM,2001-07-05 13:24:49,jhm,2002-10-11 16:30:18
IM/LA/106,LA,106,T/LA/359,False,,,,St. Colme,False,,LEM,2001-07-05 13:26:11,jhm,2002-10-11 16:30:33
IM/LA/107,LA,107,T/LA/362,False,,,,Inverkeithing,False,,LEM,2001-07-05 15:10:29,jhm,2002-10-11 16:30:48
IM/LA/108,LA,108,T/LA/363,False,,,,Inverkeithing,False,,LEM,2001-07-05 15:16:38,jhm,2002-10-11 16:33:03
IM/LA/109,LA,109,T/LA/364,False,,,,Inverkeithing,False,,LEM,2001-07-05 15:19:22,jhm,2002-10-11 16:33:22
IM/LA/110,LA,110,T/LA/69,False,,,,Inverkeithing,False,,LEM,2001-07-05 15:34:16,jhm,2002-10-11 16:32:41
IM/LA/111,LA,111,T/LA/65,False,3/1623,1623-01-28 00:00:00,,Inverkeithing,False,,LEM,2001-07-05 15:36:21,jhm,2002-10-11 15:07:06
IM/LA/112,LA,112,T/LA/66,False,,,,Inverkeithing,False,,LEM,2001-07-05 15:40:07,jhm,2002-10-11 16:31:51
IM/LA/113,LA,113,T/LA/67,False,,,,Inverkeithing,False,,LEM,2001-07-05 15:43:50,jhm,2002-10-11 16:30:57
IM/LA/114,LA,114,T/LA/365,False,,,,Inverkeithing,False,,LEM,2001-07-05 15:46:34,jhm,2002-10-11 16:34:59
IM/LA/115,LA,115,T/LA/366,False,,,,Inverkeithing,False,,LEM,2001-07-05 15:49:47,jhm,2002-10-11 16:34:31
IM/LA/116,LA,116,T/LA/64,False,5/1623,1623-03-30 00:00:00,,Inverkeithing,False,,LEM,2001-07-05 15:55:45,jhm,2002-10-11 15:02:20
IM/LA/117,LA,117,T/LA/68,False,5/1623,1623-03-30 00:00:00,,Inverkeithing,False,,LEM,2001-07-05 16:01:10,jhm,2002-10-11 14:59:37
IM/LA/118,LA,118,T/LA/371,False,,,Tolbooth,Perth,False,,LEM,2001-07-05 16:14:17,jhm,2002-10-11 16:35:36
IM/LA/119,LA,119,T/LA/370,False,,,Tolbooth,Perth,False,,LEM,2001-07-05 16:14:35,jhm,2002-10-11 16:35:20
IM/LA/120,LA,120,T/LA/375,False,,,Tolbooth,Musselburgh,False,,LEM,2001-07-09 10:48:06,jhm,2002-10-18 10:33:18
IM/LA/121,LA,121,T/LA/374,False,1661,1661-05-10 00:00:00,Tolbooth,Musselburgh,False,Released,LEM,2001-07-09 10:51:06,jhm,2001-09-24 13:54:44
IM/LA/122,LA,122,T/LA/377,False,,,Tolbooth,Musselburgh,False,,LEM,2001-07-09 10:55:10,LEM,2001-07-09 10:55:18
IM/LA/123,LA,123,T/LA/378,False,,,Tolbooth,Musselburgh,False,,LEM,2001-07-09 11:28:20,LEM,2001-07-09 11:28:26
IM/LA/124,LA,124,T/LA/379,False,,,Tolbooth,musselburgh,False,,LEM,2001-07-09 12:55:02,jhm,2002-10-11 16:08:40
IM/LA/125,LA,125,T/LA/264,False,,,,Edmestoun,False,Moved,LEM,2001-07-09 13:14:55,jhm,2002-11-05 14:42:31
IM/LA/126,LA,126,T/LA/265,False,,,,Edmestoun,False,,LEM,2001-07-09 13:27:53,LEM,2001-07-09 13:27:58
IM/LA/127,LA,127,T/LA/416,False,2/1624,1623-12-31 00:00:00,Tolbooth,Culross,False,,LEM,2001-07-17 16:22:37,jhm,2002-10-11 16:36:00
IM/LA/128,LA,128,T/LA/429,False,,,,Culross,False,,LEM,2001-07-18 09:39:39,jhm,2002-10-11 16:36:58
IM/LA/129,LA,129,T/LA/430,False,,,,Culross,False,,LEM,2001-07-18 09:46:36,jhm,2002-10-11 16:37:17
IM/LA/130,LA,130,T/LA/434,False,,,Tolbooth,Crail,False,,LEM,2001-07-18 11:52:53,jhm,2002-10-11 16:38:25
IM/LA/131,LA,131,T/LA/435,False,,,Tolbooth,Dysart,False,,LEM,2001-07-18 11:58:22,jhm,2002-10-11 16:38:50
IM/LA/132,LA,132,T/LA/437,False,,,Tolbooth,Dysart,False,,LEM,2001-07-18 12:09:00,jhm,2002-10-11 16:39:23
IM/LA/133,LA,133,T/LA/438,False,,,Tolbooth,Dysart,False,,LEM,2001-07-18 12:12:05,jhm,2002-10-11 16:39:43
IM/LA/134,LA,134,T/LA/439,False,,,Tolbooth,Dysart,False,,LEM,2001-07-18 12:14:13,jhm,2002-10-11 16:39:48
IM/LA/135,LA,135,T/LA/440,False,,,Tolbooth,Dysart,False,,LEM,2001-07-18 12:17:39,jhm,2002-10-11 16:40:14
IM/LA/136,LA,136,T/LA/479,False,,,Tolbooth,Dysart,False,Released,LEM,2001-07-18 15:53:50,LEM,2002-10-28 12:42:16
IM/LA/137,LA,137,T/LA/480,False,,,Tolbooth,Dunfermline,False,,LEM,2001-07-18 15:57:42,LEM,2001-07-18 15:57:48
IM/LA/138,LA,138,T/LA/487,False,,,Tolbooth,Stirling,False,,LEM,2001-07-19 09:22:29,LEM,2001-07-19 09:22:35
IM/LA/139,LA,139,T/LA/489,False,5/7/1628,1628-06-04 00:00:00,Tolbooth,Leith,False,Released,LEM,2001-07-19 09:35:55,LEM,2001-07-19 09:36:07
IM/LA/140,LA,140,T/LA/509,False,11/8/1628,1628-07-11 00:00:00,Tolbooth,Musselburgh,False,,LEM,2001-07-19 12:44:57,LEM,2001-07-19 12:49:45
IM/LA/15,LA,15,T/LA/83,True,13/2/1629,1629-01-14 00:00:00,Tolbooth,Edinburgh,False,,LEM,2001-06-12 10:48:53,LEM,2001-06-12 10:49:10
IM/LA/16,LA,16,T/LA/15,False,,,,Haddington,True,,LEM,2001-06-13 09:18:30,LEM,2001-06-13 09:19:55
IM/LA/168,LA,168,T/LA/83,False,11/1628,1628-10-01 00:00:00,Tolbooth,Stirling,False,Moved,LEM,2001-08-14 12:24:21,LEM,2001-08-14 12:25:33
IM/LA/169,LA,169,T/LA/83,False,19/12/1628,1628-11-18 00:00:00,,Linlithgow,False,Moved,LEM,2001-08-14 12:25:46,LEM,2001-08-14 12:26:32
IM/LA/17,LA,17,T/LA/24,True,2/2/1630,1630-01-03 00:00:00,Tolbooth,Edinburgh,False,,LEM,2001-06-13 10:33:44,LEM,2001-06-13 10:34:01
IM/LA/170,LA,170,T/LA/83,False,20/12/1628,1628-11-19 00:00:00,Tolbooth,Edinburgh,False,,LEM,2001-08-14 12:26:25,LEM,2001-08-14 12:26:51
IM/LA/171,LA,171,T/LA/83,True,8/1/1629,1628-12-08 00:00:00,Tolbooth,Edinburgh,False,,LEM,2001-08-14 13:33:54,LEM,2001-08-14 13:34:06
IM/LA/173,LA,173,T/LA/618,False,,,Tolbooth,Dysart,False,Released,LEM,2001-08-15 13:07:07,LEM,2002-10-28 12:42:23
IM/LA/174,LA,174,T/LA/618,False,15/8/1630,1630-07-16 00:00:00,Tolbooth,Dysart,False,,LEM,2001-08-15 13:19:19,LEM,2001-08-15 13:20:01
IM/LA/175,LA,175,T/LA/628,False,4/1630,1630-03-02 00:00:00,Tolbooth,Dysart,False,,LEM,2001-08-16 12:49:05,jhm,2002-10-02 15:36:15
IM/LA/177,LA,177,T/LA/626,False,1/1629,1628-12-01 00:00:00,Pit,Eyemouth,False,,LEM,2001-08-17 09:12:33,jhm,2002-10-01 15:21:19
IM/LA/178,LA,178,T/LA/720,False,,,Tolbooth,Duns,False,Released,LEM,2001-08-17 14:48:37,jhm,2002-10-02 13:00:17
IM/LA/179,LA,179,T/LA/721,False,,,Tolbooth,Duns,False,Released,LEM,2001-08-17 15:00:28,jhm,2002-10-02 13:01:33
IM/LA/18,LA,18,T/LA/86,True,12/11/1629,1629-10-13 00:00:00,,Edinburgh,False,Released,LEM,2001-06-13 11:00:00,LEM,2001-06-13 11:57:17
IM/LA/180,LA,180,T/LA/726,False,6/1629,1629-05-02 00:00:00,Tolbooth,Musselburgh,False,,LEM,2001-08-29 12:27:32,jhm,2002-10-11 15:47:32
IM/LA/181,LA,181,T/LA/727,False,6/1629,1629-05-02 00:00:00,Tolbooth,Musselburgh,False,,LEM,2001-08-29 12:32:05,jhm,2002-10-11 15:47:09
IM/LA/182,LA,182,T/LA/754,False,,,Tolbooth,Causland,False,,LEM,2001-08-30 09:36:25,LEM,2001-08-30 09:36:38
IM/LA/183,LA,183,T/LA/755,False,,,Tolbooth,Cowsland,False,,LEM,2001-08-30 09:37:49,jhm,2002-10-02 15:29:47
IM/LA/184,LA,184,T/LA/756,False,,,Tolbooth,Causland,False,,LEM,2001-08-30 09:41:49,jhm,2002-10-18 10:31:36
IM/LA/19,LA,19,T/LA/87,True,12/11/1629,1629-10-13 00:00:00,,Edinburgh,False,Released,LEM,2001-06-13 11:50:56,jhm,2002-10-18 10:36:10
IM/LA/2,LA,2,T/LA/10,True,,,Tolbooth,Edinburgh,False,,LEM,2001-05-18 12:47:04,LEM,2001-05-18 12:47:13
IM/LA/21,LA,21,T/LA/88,True,17/12/1629,1629-11-17 00:00:00,Tolbooth,Edinburgh,False,,LEM,2001-06-13 12:10:58,LEM,2001-06-13 12:11:22
IM/LA/216,LA,216,T/LA/771,False,,,Tolbooth,Jedburgh,False,Released,LEM,2001-09-05 12:04:51,LEM,2001-09-05 12:05:05
IM/LA/217,LA,217,T/LA/772,False,,,Tolbooth,Jedburgh,False,Released,LEM,2001-09-05 12:09:38,LEM,2001-09-05 12:09:48
IM/LA/218,LA,218,T/LA/773,False,,,Tolbooth,Jedburgh,False,Released,LEM,2001-09-05 12:15:29,LEM,2001-09-05 12:16:51
IM/LA/219,LA,219,T/LA/774,False,,,Tolbooth,Edinburgh,False,,LEM,2001-09-05 12:32:03,LEM,2001-09-05 12:32:07
IM/LA/22,LA,22,T/LA/88,False,10/1629,1629-09-01 00:00:00,House,Newbattle Kirk,True,Moved,LEM,2001-06-13 12:13:08,jhm,2002-10-21 15:47:11
IM/LA/220,LA,220,T/LA/776,False,4/1671,1671-03-12 00:00:00,Dungeon,Kirkudbrigh,False,Released,LEM,2001-09-05 13:04:19,LEM,2001-09-05 13:04:50
IM/LA/221,LA,221,T/LA/777,False,4/1671,1671-03-12 00:00:00,Dungeon,Kirkudbrigh,False,Released,LEM,2001-09-05 13:08:31,LEM,2001-09-05 13:08:44
IM/LA/222,LA,222,T/LA/778,False,4/1671,1671-03-12 00:00:00,Dungeon,Kirkudbright,False,Released,LEM,2001-09-05 13:10:06,LEM,2001-09-05 13:10:20
IM/LA/223,LA,223,T/LA/25,True,7/1630,1630-06-01 00:00:00,,Edinburgh,False,,LEM,2001-09-06 12:26:05,LEM,2001-09-06 12:26:19
IM/LA/224,LA,224,T/LA/804,False,,,Tolbooth,Culross,False,,LEM,2001-09-07 13:11:14,LEM,2001-09-07 13:11:21
IM/LA/225,LA,225,T/LA/803,False,,,Tolbooth,Culross,False,,LEM,2001-09-07 13:12:00,LEM,2001-09-07 13:12:05
IM/LA/226,LA,226,T/LA/805,False,,,Tolbooth,Culross,False,,LEM,2001-09-07 13:14:19,LEM,2001-09-07 13:14:24
IM/LA/227,LA,227,T/LA/806,False,,,Tolbooth,Culross,False,,LEM,2001-09-07 13:16:45,LEM,2001-09-07 13:16:50
IM/LA/228,LA,228,T/LA/808,False,,,Tolbooth,Leith,False,,LEM,2001-09-07 15:30:38,LEM,2002-10-28 12:48:10
IM/LA/229,LA,229,T/LA/813,False,,,,Renfrew,True,Released,LEM,2001-09-07 16:20:35,LEM,2002-10-28 12:49:26
IM/LA/23,LA,23,T/LA/24,True,5/2/1630,1630-01-06 00:00:00,,Edinburgh,False,,LEM,2001-06-14 14:01:00,LEM,2001-06-14 14:01:28
IM/LA/230,LA,230,T/LA/813,False,,,,Innerkip,False,,LEM,2001-09-07 16:20:39,LEM,2002-10-28 12:49:17
IM/LA/231,LA,231,T/JO/609,False,,,,Edinburgh,False,,LEM,2001-09-11 11:50:44,LEM,2001-09-11 11:51:03
IM/LA/232,LA,232,T/JO/612,True,9/1678,1678-08-14 00:00:00,,Edinburgh,False,,LEM,2001-09-11 12:04:49,jhm,2002-10-11 15:45:53
IM/LA/233,LA,233,T/JO/610,True,9/1678,1678-08-14 00:00:00,,Edinburgh,False,,LEM,2001-09-11 12:07:36,jhm,2002-10-11 15:44:42
IM/LA/234,LA,234,T/JO/611,True,9/1678,1678-08-14 00:00:00,,Edinburgh,False,,LEM,2001-09-11 12:58:12,jhm,2002-10-11 15:45:06
IM/LA/235,LA,235,T/LA/822,True,9/1678,1678-08-14 00:00:00,,Edinburgh,False,,LEM,2001-09-11 13:13:31,jhm,2002-10-11 15:48:58
IM/LA/236,LA,236,T/LA/823,True,,,,Edinburgh,False,,LEM,2001-09-11 13:22:41,LEM,2001-09-11 13:22:45
IM/LA/237,LA,237,T/LA/824,True,,,,Edinburgh,False,,LEM,2001-09-11 13:27:18,LEM,2001-09-11 13:27:21
IM/LA/238,LA,238,T/LA/829,True,9/1678,1678-08-14 00:00:00,,Edinburgh,False,,LEM,2001-09-21 09:51:35,jhm,2002-10-11 15:49:36
IM/LA/239,LA,239,T/JO/609,True,9/1678,1678-08-14 00:00:00,,Edinburgh,False,,LEM,2001-09-21 10:01:04,jhm,2002-10-11 15:46:17
IM/LA/24,LA,24,T/LA/24,False,7/1/1630,1629-12-08 00:00:00,,,False,Moved,LEM,2001-06-14 14:02:37,LEM,2001-06-14 14:02:59
IM/LA/240,LA,240,T/LA/828,True,,,,Edinburgh,False,,LEM,2001-09-21 10:10:55,LEM,2001-09-21 10:10:58
IM/LA/241,LA,241,T/LA/830,True,,,,Edinburgh,False,,LEM,2001-09-21 10:14:09,LEM,2001-09-21 10:14:12
IM/LA/242,LA,242,T/JO/436,True,8/9/1679,1679-08-21 00:00:00,Tolbooth,Edinburgh,False,Released,LEM,2001-09-21 15:00:32,LEM,2002-11-07 12:31:35
IM/LA/243,LA,243,T/LA/849,False,1/1680,1679-12-14 00:00:00,,Bo'ness,False,,LEM,2001-09-21 15:19:19,jhm,2002-10-11 15:44:12
IM/LA/244,LA,244,T/LA/851,True,,,Tolbooth,Edinburgh,False,Released,LEM,2001-09-21 15:53:28,jhm,2002-10-11 15:43:33
IM/LA/25,LA,25,T/LA/24,True,23/5/1630,1630-04-23 00:00:00,Tolbooth,Edinburgh,False,,LEM,2001-06-14 14:18:29,LEM,2001-06-14 14:18:39
IM/LA/250,LA,250,T/LA/47,True,,,Tolbooth,Edinburgh,False,,LEM,2001-10-03 10:47:38,LEM,2002-10-28 12:57:38
IM/LA/26,LA,26,T/LA/25,True,12/1630,1630-11-01 00:00:00,Tolbooth,Edinburgh,False,,LEM,2001-06-15 09:57:06,LEM,2001-06-15 09:57:38
IM/LA/264,LA,264,T/LA/999,False,2/1632,1632-01-02 00:00:00,House,"Nobelstoun, Refrewshire",False,,LEM,2001-10-16 11:51:23,jhm,2002-10-18 11:26:33
IM/LA/27,LA,27,T/LA/104,True,11/2/1634,1634-01-13 00:00:00,Tolbooth,Edinburgh,False,Free on bail,LEM,2001-06-15 10:42:26,LEM,2001-06-15 10:56:25
IM/LA/28,LA,28,T/LA/104,True,11/3/1634,1634-02-10 00:00:00,Tolbooth,Edinburgh,False,,LEM,2001-06-15 11:00:31,LEM,2001-06-15 11:44:40
IM/LA/29,LA,29,T/LA/104,False,9/1/1634,1633-12-11 00:00:00,Tolbooth,Duns,True,,LEM,2001-06-15 11:51:44,jhm,2002-10-22 08:27:15
IM/LA/3,LA,3,T/LA/15,True,8/1629,1629-07-02 00:00:00,,Edinburgh,False,,LEM,2001-05-18 16:41:23,jhm,2002-10-21 14:55:19
IM/LA/307,LA,307,T/LA/1071,False,,,Tolbooth,Perth,False,,LEM,2001-10-22 12:21:16,LEM,2002-10-28 12:50:08
IM/LA/308,LA,308,T/LA/1072,False,,,Tolbooth,Perth,False,,LEM,2001-10-22 12:24:26,LEM,2002-10-28 12:50:27
IM/LA/309,LA,309,T/LA/1073,False,,,Tolbooth,Perth,False,,LEM,2001-10-22 12:25:46,LEM,2002-10-28 12:49:39
IM/LA/310,LA,310,T/LA/1074,False,,,Vestry of the Kirk,Calder,False,Released,LEM,2001-10-22 12:57:38,jhm,2002-10-18 10:54:31
IM/LA/311,LA,311,T/LA/1075,False,,,Tolbooth,Culross,False,,LEM,2001-10-22 13:14:12,LEM,2001-10-22 13:14:20
IM/LA/312,LA,312,T/LA/1075,False,12/12/1644,1644-11-15 00:00:00,Tolbooth,Canongate,False,,LEM,2001-10-22 13:14:20,jhm,2002-10-03 12:32:58
IM/LA/313,LA,313,T/LA/1076,False,,,Tolbooth,Culross,False,Moved,LEM,2001-10-22 14:47:08,LEM,2002-10-28 12:51:02
IM/LA/314,LA,314,T/LA/1089,False,,,Tolbooth,Lanark,False,,LEM,2001-10-23 10:34:21,LEM,2002-10-28 12:53:23
IM/LA/315,LA,315,T/LA/1090,False,,,Tolbooth,Lanark,False,,LEM,2001-10-23 10:40:43,LEM,2002-10-28 12:52:15
IM/LA/316,LA,316,T/LA/83,False,1/1629,1628-12-01 00:00:00,Tolbooth,Stirling,False,,LEM,2001-10-23 15:56:10,LEM,2001-10-23 15:56:23
IM/LA/317,LA,317,T/LA/1106,False,,,Steeple,Dysart,False,,LEM,2001-10-23 16:20:21,jhm,2002-10-18 10:34:10
IM/LA/318,LA,318,T/LA/1108,False,,,,"Berwick, England",False,,LEM,2001-11-21 13:54:49,jhm,2002-10-18 10:31:11
IM/LA/319,LA,319,T/LA/1119,True,7/10/1651,1651-09-12 00:00:00,,Ayr,False,,LEM,2001-11-29 11:11:34,jhm,2002-10-11 15:41:16
IM/LA/320,LA,320,T/LA/1161,False,,,Tolbooth,Dumfries,False,,LEM,2001-12-03 12:21:37,LEM,2001-12-03 12:21:43
IM/LA/321,LA,321,T/LA/1162,False,,,Tolbooth,dumfries,False,,LEM,2001-12-03 12:21:54,LEM,2001-12-03 12:22:01
IM/LA/337,LA,337,T/JO/614,True,12/1676,1676-11-12 00:00:00,Tolbooth,Paisley,False,,LEM,2002-01-16 10:42:22,LEM,2002-01-16 10:42:40
IM/LA/351,LA,351,T/LA/1189,False,,,Tolbooth,Renfrew,False,Moved,LEM,2002-01-30 13:24:52,LEM,2002-01-30 13:25:02
IM/LA/352,LA,352,T/LA/1189,False,15/4/1697,1697-04-02 00:00:00,Tolbooth,Glasgow,False,Moved,LEM,2002-01-30 13:25:03,LEM,2002-01-30 13:25:19
IM/LA/353,LA,353,T/LA/1189,False,12/5/1697,1697-04-29 00:00:00,Tolbooth,Renfrew,False,,LEM,2002-01-30 13:25:20,LEM,2002-01-30 13:25:47
IM/LA/354,LA,354,T/LA/1191,False,15/4/1697,1697-04-02 00:00:00,Tolbooth,Renfrew,False,Moved,LEM,2002-01-30 13:43:17,LEM,2002-01-30 13:43:52
IM/LA/355,LA,355,T/LA/1191,False,12/5/1697,1697-04-29 00:00:00,Tolbooth,Glasgow,False,Moved,LEM,2002-01-30 13:43:27,LEM,2002-01-30 13:44:04
IM/LA/356,LA,356,T/LA/1191,False,,,Tolbooth,Renfrew,False,,LEM,2002-01-30 13:44:04,LEM,2002-01-30 13:44:17
IM/LA/357,LA,357,T/JO/1131,False,15/4/1697,1697-04-02 00:00:00,Tolbooth,Paisley,False,,LEM,2002-01-30 15:05:39,LEM,2002-01-31 10:09:05
IM/LA/359,LA,359,T/JO/1133,False,15/4/1697,1697-04-02 00:00:00,Tolbooth,Renfrew,False,Moved,LEM,2002-01-30 15:16:03,jhm,2002-10-22 10:48:51
IM/LA/360,LA,360,T/LA/1190,False,15/4/1697,1697-04-02 00:00:00,Tolbooth,Paisley,False,,LEM,2002-01-30 15:20:22,LEM,2002-01-30 15:20:37
IM/LA/361,LA,361,T/LA/1199,False,13/4/1697,1697-03-31 00:00:00,Tolbooth,Paisley,False,Moved,LEM,2002-01-30 15:28:36,LEM,2002-01-30 15:29:16
IM/LA/362,LA,362,T/LA/1199,False,15/4/1697,1697-04-02 00:00:00,Tolbooth,Glasgow,False,Moved,LEM,2002-01-30 15:29:16,LEM,2002-01-30 15:29:29
IM/LA/363,LA,363,T/LA/1199,False,12/5/1697,1697-04-29 00:00:00,Tolbooth,Paisley,False,Moved,LEM,2002-01-30 15:29:30,LEM,2002-01-30 15:32:50
IM/LA/364,LA,364,T/LA/1201,False,15/4/1697,1697-04-02 00:00:00,Tolbooth,Renfrew,False,Moved,LEM,2002-01-30 16:09:35,LEM,2002-01-30 16:10:35
IM/LA/365,LA,365,T/LA/1201,False,13/4/1697,1697-03-31 00:00:00,Tolbooth,paisley,False,Moved,LEM,2002-01-30 16:10:01,LEM,2002-01-30 16:10:38
IM/LA/366,LA,366,T/LA/1201,False,12/5/1697,1697-04-29 00:00:00,Tolbooth,Paisley,False,,LEM,2002-01-30 16:10:16,LEM,2002-01-30 16:10:33
IM/LA/367,LA,367,T/LA/1202,False,7/7/1644,1644-06-10 00:00:00,,Dunbar,False,,LEM,2002-01-30 17:31:21,LEM,2002-01-30 17:31:34
IM/LA/368,LA,368,T/LA/1203,False,7/7/1644,1644-06-10 00:00:00,,Dunbar,False,,LEM,2002-01-30 17:33:57,LEM,2002-01-30 17:34:03
IM/LA/369,LA,369,T/LA/1204,False,7/7/1644,1644-06-10 00:00:00,,Dunbar,False,,LEM,2002-01-30 17:37:04,LEM,2002-01-30 17:37:10
IM/LA/370,LA,370,T/LA/1205,False,7/7/1644,1644-06-10 00:00:00,,Dunbar,False,,LEM,2002-01-30 17:39:41,LEM,2002-01-30 17:39:48
IM/LA/371,LA,371,T/JO/1133,False,12/5/1697,1697-04-29 00:00:00,Tolbooth,Paisley,False,,LEM,2002-01-31 10:26:47,LEM,2002-01-31 10:27:34
IM/LA/372,LA,372,T/LA/1208,False,15/4/1697,1697-04-02 00:00:00,,,False,,LEM,2002-01-31 13:05:39,LEM,2002-01-31 13:05:45
IM/LA/373,LA,373,T/LA/1209,False,15/4/1697,1697-04-02 00:00:00,Tolbooth,Renfrew,False,Released,LEM,2002-01-31 13:16:56,LEM,2002-01-31 13:17:19
IM/LA/374,LA,374,T/LA/1210,False,15/4/1697,1697-04-02 00:00:00,Tolbooth,Renfrew,False,Released,LEM,2002-01-31 13:24:48,LEM,2002-01-31 13:24:59
IM/LA/375,LA,375,T/LA/1211,False,15/4/1697,1697-04-02 00:00:00,,Renfrew,False,,LEM,2002-01-31 14:57:24,LEM,2002-01-31 14:57:39
IM/LA/376,LA,376,T/LA/1212,False,,,,Refrew,False,Released,LEM,2002-01-31 15:08:34,jhm,2002-10-18 10:22:36
IM/LA/377,LA,377,T/LA/1213,False,15/4/1697,1697-04-02 00:00:00,,Renfrew,False,,LEM,2002-01-31 20:51:23,LEM,2002-01-31 20:51:51
IM/LA/378,LA,378,T/LA/1214,False,15/4/1697,1697-04-02 00:00:00,,Renfrew,False,Moved,LEM,2002-01-31 21:04:40,LEM,2002-01-31 21:04:56
IM/LA/379,LA,379,T/LA/1214,False,12/5/1697,1697-04-29 00:00:00,,Paisley,False,,LEM,2002-01-31 21:04:58,LEM,2002-01-31 21:05:10
IM/LA/380,LA,380,T/LA/1215,False,15/4/1697,1697-04-02 00:00:00,,Renfrew,False,,LEM,2002-01-31 21:19:39,LEM,2002-01-31 21:19:47
IM/LA/381,LA,381,T/LA/1216,False,15/4/1697,1697-04-02 00:00:00,,Renfrew,False,,LEM,2002-01-31 21:32:35,LEM,2002-01-31 21:32:49
IM/LA/382,LA,382,T/LA/1217,False,15/4/1697,1697-04-02 00:00:00,,Paisley,False,,LEM,2002-02-01 11:19:46,LEM,2002-02-01 11:19:58
IM/LA/383,LA,383,T/LA/1218,False,15/4/1697,1697-04-02 00:00:00,,Paisley,False,,LEM,2002-02-01 11:42:21,LEM,2002-02-01 11:42:45
IM/LA/384,LA,384,T/LA/1219,False,15/4/1697,1697-04-02 00:00:00,,Renfrew,False,,LEM,2002-02-01 11:54:36,LEM,2002-02-01 11:54:44
IM/LA/385,LA,385,T/LA/1220,False,15/4/1697,1697-04-02 00:00:00,,Renfrew,False,,LEM,2002-02-01 12:16:46,LEM,2002-02-01 12:17:07
IM/LA/386,LA,386,T/LA/1221,False,15/4/1697,1697-04-02 00:00:00,,Renfrew,False,,LEM,2002-02-01 12:26:11,LEM,2002-02-01 12:26:19
IM/LA/387,LA,387,T/LA/1222,False,15/4/1697,1697-04-02 00:00:00,,Renfrew,False,,LEM,2002-02-01 12:37:17,LEM,2002-02-01 12:37:24
IM/LA/388,LA,388,T/LA/1224,True,1700,1700-05-19 00:00:00,,Edinburgh,False,,LEM,2002-02-07 10:03:27,jhm,2002-10-11 16:04:09
IM/LA/394,LA,394,T/JO/419,False,9/1658,1658-08-09 00:00:00,Tolbooth,Alloa,False,Released,LEM,2002-05-07 16:40:23,jhm,2002-11-04 09:22:15
IM/LA/395,LA,395,T/JO/421,False,28/12/1658,1658-12-05 00:00:00,Tolbooth,Alloa,False,Released,LEM,2002-05-08 11:04:11,LEM,2002-05-08 11:04:28
IM/LA/396,LA,396,T/LA/1137,False,,,,Stirling,False,,LEM,2002-05-09 12:24:06,jhm,2002-11-04 12:50:39
IM/LA/397,LA,397,T/JO/421,False,16/3/1669,1669-02-24 00:00:00,,,False,Released,LEM,2002-05-09 12:33:22,LEM,2002-05-09 12:33:51
IM/LA/4,LA,4,T/LA/15,False,,,,Berwick,True,Moved,LEM,2001-05-18 16:41:45,LEM,2001-05-18 16:41:55
IM/LA/407,LA,407,T/LA/1313,False,,,Tolbooth,Haddington,False,Moved,LEM,2002-06-06 12:36:33,LEM,2002-06-06 12:36:42
IM/LA/408,LA,408,T/LA/1313,False,16/1/1662,1661-12-25 00:00:00,Tolbooth,Edinburgh,False,,LEM,2002-06-06 12:36:42,LEM,2002-06-06 12:36:54
IM/LA/409,LA,409,T/JO/628,False,3/12/1677,1677-11-15 00:00:00,Tolbooth,Edinburgh,False,Released,LEM,2002-06-13 11:34:47,LEM,2002-06-13 11:35:19
IM/LA/410,LA,410,T/JO/627,False,3/12/1677,1677-11-15 00:00:00,Tolbooth,Edinbrugh,False,Released,LEM,2002-06-13 11:39:42,LEM,2002-06-13 11:39:55
IM/LA/411,LA,411,T/JO/629,False,3/12/1677,1677-11-15 00:00:00,Tolbooth,Edinburgh,False,Released,LEM,2002-06-13 11:41:25,LEM,2002-06-13 11:41:38
IM/LA/412,LA,412,T/LA/1395,False,,,Tolbooth,Edinburgh,False,Released,LEM,2002-06-13 11:46:16,jhm,2002-10-18 10:18:15
IM/LA/413,LA,413,T/LA/1104,False,6/1624,1624-04-30 00:00:00,,Orkney,False,,LEM,2002-06-17 11:05:21,jhm,2002-10-11 14:51:11
IM/LA/43,LA,43,T/LA/137,False,4/6/1634,1634-05-06 00:00:00,,Ayton,False,,LEM,2001-06-18 10:09:01,LEM,2001-06-18 10:14:07
IM/LA/431,LA,431,T/LA/1164,False,11/1662,1662-10-10 00:00:00,,Lauder,False,Released,LEM,2002-07-09 16:24:25,jhm,2002-10-11 16:05:54
IM/LA/432,LA,432,T/JO/510,False,,,Tolbooth,Linlithgow,False,Released,LEM,2002-07-10 08:47:00,jhm,2002-10-11 16:51:17
IM/LA/433,LA,433,T/LA/873,False,,,,Edinburgh,False,,LEM,2002-07-10 09:25:57,LEM,2002-10-28 12:49:52
IM/LA/434,LA,434,T/LA/1503,False,12/1/1650,1649-12-18 00:00:00,,Dumfries,False,,LEM,2002-07-10 10:49:01,LEM,2002-07-10 10:49:10
IM/LA/435,LA,435,T/LA/29,False,,,Tolbooth,Edinburgh,False,,LEM,2002-07-10 14:11:08,LEM,2002-07-10 14:11:13
IM/LA/437,LA,437,T/LA/1566,False,,,Tolbooth,Galloway,False,,LEM,2002-07-15 10:27:55,jhm,2002-10-18 10:17:09
IM/LA/438,LA,438,T/LA/1585,False,8/1651,1651-07-07 00:00:00,,,False,,LEM,2002-07-15 15:36:43,LEM,2002-07-15 15:36:49
IM/LA/439,LA,439,T/LA/1130,False,,,Prison,Stirling,False,,LEM,2002-07-18 12:53:26,LEM,2002-07-18 12:53:39
IM/LA/44,LA,44,T/LA/146,False,3/1624,1624-01-29 00:00:00,,Eyemouth,False,,LEM,2001-06-18 12:24:10,jhm,2002-10-11 14:52:57
IM/LA/440,LA,440,T/JO/204,False,,,Tolbooth,Dunbar,False,,LEM,2002-07-18 17:15:58,LEM,2002-07-18 17:16:12
IM/LA/441,LA,441,T/LA/1620,False,,,Tolbooth,Dunbar,False,Moved,LEM,2002-07-18 17:45:47,LEM,2002-07-18 17:45:55
IM/LA/442,LA,442,T/LA/1620,False,1/3/1659,1659-02-06 00:00:00,Tolbooth,Edinburgh,False,,LEM,2002-07-18 17:45:56,jhm,2002-11-04 13:15:01
IM/LA/443,LA,443,T/LA/1626,False,,,Tolbooth,Dunbar,False,Moved,LEM,2002-07-18 17:55:21,LEM,2002-07-18 17:55:29
IM/LA/444,LA,444,T/LA/1626,False,,,Tolbooth,Edinburgh,False,,LEM,2002-07-18 17:55:29,LEM,2002-07-18 17:55:35
IM/LA/445,LA,445,T/LA/1624,False,,,Tolbooth,Dunbar,False,Moved,LEM,2002-07-18 18:08:44,LEM,2002-07-18 18:08:52
IM/LA/446,LA,446,T/LA/1624,False,1/3/1659,1659-02-06 00:00:00,Tolbooth,Edinburgh,False,,LEM,2002-07-18 18:08:52,LEM,2002-07-18 18:09:24
IM/LA/447,LA,447,T/LA/1622,False,,,Tolbooth,Dunbar,False,Moved,LEM,2002-07-18 18:14:15,LEM,2002-07-18 18:14:19
IM/LA/448,LA,448,T/LA/1622,False,1/3/1659,1659-02-06 00:00:00,Tolbooth,Edinburgh,False,,LEM,2002-07-18 18:14:19,LEM,2002-07-18 18:14:35
IM/LA/449,LA,449,T/LA/1144,False,,,,Kircudbright,False,,LEM,2002-07-19 11:55:07,LEM,2002-07-19 11:55:12
IM/LA/45,LA,45,T/LA/156,False,14/12/1633,1633-11-15 00:00:00,,Eyemouth,False,Released,LEM,2001-06-18 15:20:19,LEM,2001-06-18 15:20:57
IM/LA/450,LA,450,T/LA/1141,False,1659,1659-05-09 00:00:00,,Kirkcudbright,False,,LEM,2002-07-19 12:03:57,jhm,2002-10-11 16:04:49
IM/LA/451,LA,451,T/LA/1257,False,1590,1590-04-22 00:00:00,Tolbooth,Aberdeen,False,,LEM,2002-07-24 15:29:22,jhm,2002-10-11 16:06:22
IM/LA/452,LA,452,T/LA/1647,False,4/7/1591,1591-05-25 00:00:00,House,Tranent,False,,LEM,2002-07-24 15:39:51,LEM,2002-07-24 15:40:01
IM/LA/453,LA,453,T/LA/1647,False,,,Tolbooth,Edinburgh,False,,LEM,2002-07-24 15:42:00,LEM,2002-07-24 15:43:03
IM/LA/46,LA,46,T/LA/156,False,1/1634,1633-12-03 00:00:00,,Eyemouth,False,,LEM,2001-06-18 15:24:34,jhm,2002-10-03 11:40:01
IM/LA/468,LA,468,T/LA/1651,False,1591,1591-04-22 00:00:00,Pit,Seaton,False,,LEM,2002-07-26 09:31:34,jhm,2002-10-01 15:01:17
IM/LA/469,LA,469,T/LA/1647,False,,,Pit,Seaton,False,,LEM,2002-07-26 09:35:24,LEM,2002-07-26 09:35:29
IM/LA/47,LA,47,T/LA/156,False,28/3/1634,1634-02-27 00:00:00,,Eyemouth,False,Released,LEM,2001-06-18 15:24:52,LEM,2001-06-18 15:25:50
IM/LA/470,LA,470,T/LA/1674,False,,,Tolbooth,Edinburgh,False,,LEM,2002-07-26 09:54:10,LEM,2002-10-28 12:47:01
IM/LA/471,LA,471,T/LA/1649,False,,,Tolbooth,Haddington,False,,LEM,2002-07-26 10:37:06,LEM,2002-10-28 12:45:31
IM/LA/472,LA,472,T/LA/1651,False,1591,1591-04-22 00:00:00,Castle,Seaton,False,,LEM,2002-07-26 12:04:39,jhm,2002-10-01 15:01:13
IM/LA/473,LA,473,T/LA/1683,False,,,Tolbooth,Tranent,False,,LEM,2002-08-01 10:24:50,LEM,2002-08-01 10:25:12
IM/LA/474,LA,474,T/LA/1727,False,,,Tolbooth,Tranent,False,,LEM,2002-08-01 10:28:42,LEM,2002-08-01 10:28:44
IM/LA/475,LA,475,T/LA/1727,False,,,Tolbooth,Edinburgh,False,,LEM,2002-08-01 10:29:17,LEM,2002-08-01 10:29:22
IM/LA/476,LA,476,T/LA/1683,False,,,Tolbooth,Edinburgh,False,,LEM,2002-08-01 10:29:27,LEM,2002-08-01 10:29:30
IM/LA/477,LA,477,T/LA/1120,False,,,Tolbooth,Ayr,False,,LEM,2002-08-01 10:36:20,LEM,2002-08-01 10:36:29
IM/LA/478,LA,478,T/LA/1748,False,,,Tolbooth,Ayr,False,,LEM,2002-08-02 10:30:24,jhm,2002-10-18 10:16:27
IM/LA/479,LA,479,T/LA/1750,False,,,Tolbooth,Irvine,False,,LEM,2002-08-02 11:47:54,LEM,2002-08-02 11:48:00
IM/LA/48,LA,48,T/LA/157,True,12/1/1644,1643-12-16 00:00:00,Tolbooth,Edinburgh,False,,LEM,2001-06-19 11:02:18,LEM,2001-06-19 11:02:37
IM/LA/480,LA,480,T/LA/1800,False,,,Tolbooth,Kirkend of Kircudbright,False,,LEM,2002-08-14 11:10:52,jhm,2002-10-18 10:16:08
IM/LA/481,LA,481,T/LA/1799,False,,,Tolbooth,Kirkend of Kircudbright,False,,LEM,2002-08-14 11:12:33,LEM,2002-08-14 11:13:43
IM/LA/482,LA,482,T/LA/1805,False,,,,Fortrose,False,,LEM,2002-08-14 12:22:39,LEM,2002-08-14 12:22:49
IM/LA/483,LA,483,T/LA/1803,False,,,,Fortrose,False,,LEM,2002-08-14 12:24:03,LEM,2002-08-14 12:24:07
IM/LA/484,LA,484,T/JO/1699,False,,,Thieves' Hole,Pittenweem,False,,LEM,2002-08-14 15:52:46,LEM,2002-11-11 11:34:19
IM/LA/485,LA,485,T/JO/1699,False,,,Dungeon,Pittemweem,False,,LEM,2002-08-14 15:52:57,LEM,2002-08-14 15:53:04
IM/LA/49,LA,49,T/LA/90,True,28/10/1598,1598-09-20 00:00:00,Tolbooth,Edinburgh,False,,LEM,2001-06-20 12:45:06,LEM,2001-06-20 12:45:21
IM/LA/490,LA,490,T/LA/1872,False,,,Tolbooth,Dumfries,False,,LEM,2002-08-26 10:14:24,jhm,2002-10-18 10:15:51
IM/LA/491,LA,491,T/LA/801,False,,,Tolbooth,Haddington,False,,LEM,2002-08-26 10:14:41,LEM,2002-10-28 12:47:43
IM/LA/492,LA,492,T/LA/1900,False,6/1632,1632-05-02 00:00:00,Steeple,Lasswade,False,,LEM,2002-08-26 18:27:29,jhm,2002-10-11 13:59:48
IM/LA/493,LA,493,T/LA/1247,False,3/1698,1698-02-16 00:00:00,Priory,Bewlie (in Ross),False,Released,LEM,2002-08-28 10:47:21,LEM,2002-08-28 10:48:05
IM/LA/494,LA,494,T/LA/776,False,,,Tolbooth,Dumfries,False,,LEM,2002-08-28 11:21:15,LEM,2002-08-28 11:21:21
IM/LA/495,LA,495,T/LA/1937,False,18/12/1634,1634-11-19 00:00:00,Tolbooth,Haddington,False,,LEM,2002-08-28 17:36:33,LEM,2002-10-07 12:52:59
IM/LA/496,LA,496,T/JO/1174,False,28/8/1649,1649-08-03 00:00:00,Steeple,Inverkeithing,False,Moved,LEM,2002-09-02 11:52:24,LEM,2002-09-02 11:52:50
IM/LA/497,LA,497,T/JO/1174,False,,,,Burntisland,False,,LEM,2002-09-02 12:57:48,LEM,2002-09-02 12:57:54
IM/LA/498,LA,498,T/LA/1977,False,,,Steeple,Dunfermline,False,Moved,LEM,2002-09-02 13:03:52,LEM,2002-09-02 13:04:01
IM/LA/499,LA,499,T/LA/1977,False,4/1649,1649-03-07 00:00:00,Tolbooth,Dunfermline,False,,LEM,2002-09-02 13:04:01,jhm,2002-10-11 14:00:48
IM/LA/5,LA,5,T/LA/15,False,13/7/1629,1629-06-13 00:00:00,Tolbooth,Duns,True,Moved,LEM,2001-05-18 16:41:57,jhm,2002-10-21 14:55:42
IM/LA/500,LA,500,T/JO/575,False,,,Tolbooth,Peebles,False,,LEM,2002-09-04 15:59:12,LEM,2002-09-04 15:59:34
IM/LA/501,LA,501,T/LA/2135,False,1642,1642-05-05 00:00:00,Tolbooth,Duns,False,,LEM,2002-09-09 12:38:50,jhm,2002-10-11 13:56:33
IM/LA/502,LA,502,T/LA/2138,False,11/1649,1649-10-07 00:00:00,Old Exchequer House,Edinburgh,False,,LEM,2002-09-10 15:06:51,LEM,2002-10-07 10:29:56
IM/LA/503,LA,503,T/LA/1115,True,,,,Edinburgh,False,,LEM,2002-10-09 11:36:55,jhm,2002-10-18 10:31:16
IM/LA/513,LA,513,T/LA/852,False,,,,,False,Released,LEM,2002-11-06 14:52:27,LEM,2002-11-06 14:52:28
IM/LA/514,LA,514,T/LA/853,False,,,,,False,Released,LEM,2002-11-06 14:52:31,LEM,2002-11-06 14:52:34
IM/LA/515,LA,515,T/LA/854,False,,,,,False,Released,LEM,2002-11-06 14:52:40,LEM,2002-11-06 14:52:43
IM/LA/516,LA,516,T/LA/850,False,,,,,False,Released,LEM,2002-11-06 14:55:47,LEM,2002-11-06 14:55:48
IM/LA/53,LA,53,T/LA/175,False,,,,Perth,False,,LEM,2001-06-25 10:30:25,jhm,2002-10-11 16:15:34
IM/LA/54,LA,54,T/LA/204,False,,,,Dunkeld,False,,LEM,2001-06-25 10:41:40,jhm,2002-10-11 16:15:16
IM/LA/55,LA,55,T/LA/205,False,,,,Dunkeld,False,,LEM,2001-06-25 10:44:11,jhm,2002-10-11 16:14:50
IM/LA/56,LA,56,T/LA/207,False,6/7/1609,1609-06-01 00:00:00,,Crichton,False,Rescued,LEM,2001-06-25 14:31:51,LEM,2001-06-25 14:34:31
IM/LA/57,LA,57,T/LA/207,True,,,Tolbooth,Edinburgh,False,,LEM,2001-06-25 14:34:11,LEM,2001-06-25 14:34:17
IM/LA/58,LA,58,T/LA/207,False,7/1609,1609-05-27 00:00:00,Tolbooth,Musselburgh,True,,LEM,2001-06-25 14:34:23,jhm,2002-10-11 15:37:24
IM/LA/59,LA,59,T/LA/220,False,,,Tolbooth,Perth,False,,LEM,2001-06-26 10:28:25,jhm,2002-10-11 16:17:21
IM/LA/6,LA,6,T/LA/37,False,,,Tolbooth,Edinburgh,False,,LEM,2001-05-22 12:15:08,jhm,2002-10-18 10:35:05
IM/LA/60,LA,60,T/LA/221,False,,,Tolbooth,Perth,False,,LEM,2001-06-26 10:36:48,jhm,2002-10-11 16:18:06
IM/LA/61,LA,61,T/LA/231,False,,,Tolbooth,Dunblane,False,,LEM,2001-06-26 12:52:22,jhm,2002-10-11 16:19:33
IM/LA/62,LA,62,T/LA/232,False,,,Tolbooth,Dunblane,False,,LEM,2001-06-26 15:21:34,jhm,2002-10-11 16:20:02
IM/LA/63,LA,63,T/LA/241,False,,,Tolbooth,Linlithgow,False,,LEM,2001-06-26 16:17:12,jhm,2002-10-11 16:23:35
IM/LA/64,LA,64,T/LA/242,False,,,Tolbooth,Linlithgow,False,,LEM,2001-06-26 16:25:07,jhm,2002-10-11 16:25:18
IM/LA/65,LA,65,T/LA/244,False,,,,Irvine,False,,LEM,2001-06-27 09:47:07,jhm,2002-10-11 16:24:09
IM/LA/66,LA,66,T/LA/243,False,,,,Irvine,False,,LEM,2001-06-27 09:47:20,jhm,2002-10-11 16:24:14
IM/LA/67,LA,67,T/LA/245,False,8/1617,1617-06-29 00:00:00,Tolbooth,Stirling,False,,LEM,2001-06-27 09:53:48,jhm,2002-10-11 15:36:08
IM/LA/68,LA,68,T/LA/247,False,,,,Irvine,False,,LEM,2001-06-27 10:03:02,jhm,2002-10-11 16:25:35
IM/LA/69,LA,69,T/LA/248,False,,,,Ayr,False,,LEM,2001-06-27 10:10:58,jhm,2002-10-11 16:24:44
IM/LA/7,LA,7,T/LA/40,True,7/1644,1644-06-04 00:00:00,Tolbooth,Edinburgh,False,,LEM,2001-05-22 14:41:08,LEM,2001-10-18 13:22:11
IM/LA/70,LA,70,T/LA/249,False,,,,Ayr,False,,LEM,2001-06-27 10:17:14,jhm,2002-10-11 16:25:00
IM/LA/71,LA,71,T/LA/250,False,,,,Brechin,False,,LEM,2001-06-27 10:28:27,jhm,2002-10-18 10:34:44
IM/LA/72,LA,72,T/LA/251,False,,,,Inverkeithing,False,,LEM,2001-06-27 10:39:10,jhm,2002-10-18 10:34:27
IM/LA/73,LA,73,T/LA/252,False,,,,Crail,False,,LEM,2001-06-27 10:41:05,jhm,2002-10-11 16:25:52
IM/LA/74,LA,74,T/LA/253,False,,,,Inverkeithing,False,,LEM,2001-06-27 11:43:53,LEM,2001-06-27 11:43:57
IM/LA/75,LA,75,T/LA/254,False,,,,Inverkeithing,False,,LEM,2001-06-27 11:46:57,jhm,2002-10-18 10:33:52
IM/LA/76,LA,76,T/LA/255,False,,,,Inverkeithing,False,,LEM,2001-06-27 11:49:34,jhm,2002-10-11 16:26:09
IM/LA/77,LA,77,T/LA/256,False,,,,Inverkeithing,False,,LEM,2001-06-27 11:51:35,jhm,2002-10-11 16:26:15
IM/LA/78,LA,78,T/LA/258,False,,,,Inverkeithing,False,,LEM,2001-06-27 11:56:34,jhm,2002-10-11 15:23:24
IM/LA/79,LA,79,T/LA/260,True,,,Tolbooth,Edinburgh,False,Released,LEM,2001-06-27 12:46:27,jhm,2002-10-18 10:33:23
IM/LA/80,LA,80,T/LA/261,True,,,Tolbooth,Edinburgh,False,,LEM,2001-06-27 14:37:06,LEM,2001-06-27 14:37:19
IM/LA/81,LA,81,T/LA/263,False,,,,Musselburgh,False,,LEM,2001-06-27 16:15:12,jhm,2002-11-05 14:19:51
IM/LA/82,LA,82,T/LA/264,False,,,Tolbooth,Musselburgh,False,,LEM,2001-06-27 16:23:51,jhm,2002-11-05 14:42:25
IM/LA/83,LA,83,T/LA/265,False,,,Tolbooth,Musselburgh,False,,LEM,2001-06-28 09:18:35,jhm,2002-11-05 14:26:38
IM/LA/84,LA,84,T/LA/266,False,,,,Musselburgh,False,,LEM,2001-06-28 09:28:45,jhm,2002-11-05 14:16:43
IM/LA/85,LA,85,T/LA/286,True,,,Tolbooth,Edinburgh,False,Released,LEM,2001-06-28 15:50:30,LEM,2001-06-28 15:50:50
IM/LA/86,LA,86,T/LA/287,True,,,Tolbooth,Edinburgh,False,Released,LEM,2001-06-28 15:53:20,LEM,2001-06-28 15:53:26
IM/LA/87,LA,87,T/LA/288,False,14/6/1661,1661-05-23 00:00:00,Tolbooth,Dalkeith,False,,LEM,2001-06-29 13:37:34,LEM,2001-07-16 10:54:53
IM/LA/88,LA,88,T/LA/302,True,9/8/1661,1661-07-18 00:00:00,Tolbooth,Edinburgh,False,,LEM,2001-06-29 13:49:41,LEM,2001-06-29 13:49:49
IM/LA/89,LA,89,T/LA/322,False,,,,,False,,LEM,2001-07-03 10:34:16,LEM,2001-07-03 10:34:21
IM/LA/90,LA,90,T/LA/322,True,,,,Edinburgh,False,Released,LEM,2001-07-03 10:34:28,LEM,2001-07-03 10:34:37
IM/LA/91,LA,91,T/LA/323,True,,,,Edinburgh,False,Released,LEM,2001-07-03 10:36:23,LEM,2001-07-03 10:36:27
IM/LA/92,LA,92,T/LA/325,True,,,Tolbooth,Edinburgh,False,,LEM,2001-07-03 12:24:24,LEM,2001-07-03 12:24:35
IM/LA/93,LA,93,T/LA/326,False,,,,Haddington,True,,LEM,2001-07-03 15:44:15,LEM,2002-10-28 13:08:24
IM/LA/94,LA,94,T/LA/326,True,,,Tolbooth,Edinburgh,False,,LEM,2001-07-03 15:44:41,LEM,2002-10-28 13:08:27
IM/LA/96,LA,96,T/LA/288,False,,,,Niddry,True,Moved,LEM,2001-07-04 13:17:28,LEM,2001-07-04 13:17:47
IM/LA/97,LA,97,T/LA/345,False,,,,Culross,False,,LEM,2001-07-05 11:48:25,jhm,2002-10-11 16:26:57
IM/LA/98,LA,98,T/LA/346,False,,,Tolbooth,Kirkcaldy,False,,LEM,2001-07-05 12:00:12,jhm,2002-10-11 16:27:47
IM/LA/99,LA,99,T/LA/348,False,,,Castle,Glasgow,False,,LEM,2001-07-05 12:21:07,jhm,2002-10-11 16:28:00
